student_id,base_ability,effort_level,true_modality,gpa_start,risk_factor,split
S0000,0.7041,0.6341,hands_on,2.36,0.4872,train
S0001,0.6448,0.5108,exploratory,2.25,0.3599,train
S0002,0.6851,0.5578,analytical,2.59,0.2843,train
S0003,0.5047,0.5394,exploratory,1.73,0.3984,val
S0004,0.8962,0.6394,exploratory,2.75,0.203,train
S0005,0.4659,0.6386,visual,2.17,0.5474,train
S0006,0.788,0.7331,hands_on,2.74,0.2577,val
S0007,0.5571,0.6956,visual,2.32,0.455,val
S0008,0.6111,0.5603,exploratory,2.33,0.4157,train
S0009,0.783,0.6416,analytical,2.54,0.2645,train
S0010,0.8554,0.4511,visual,2.42,0.2487,train
S0011,0.4387,0.3701,visual,1.42,0.6836,train
S0012,0.6857,0.6045,hands_on,2.1,0.4187,val
S0013,0.6673,0.6396,analytical,2.52,0.4184,train
S0014,0.4384,0.4458,exploratory,1.75,0.5961,train
S0015,0.7214,0.6246,visual,2.54,0.2575,train
S0016,0.469,0.4438,analytical,1.97,0.5305,train
S0017,0.6178,0.5228,analytical,2.09,0.4937,test
S0018,0.584,0.424,visual,2.04,0.5419,train
S0019,0.6095,0.6992,analytical,2.49,0.3436,val
S0020,0.5451,0.5445,hands_on,1.86,0.5877,train
S0021,0.7588,0.6161,hands_on,2.82,0.3439,train
S0022,0.4284,0.3588,hands_on,1.51,0.6715,train
S0023,0.6875,0.567,analytical,2.56,0.3715,train
S0024,0.561,0.3966,exploratory,1.57,0.4593,train
S0025,0.6187,0.6193,visual,2.31,0.4404,train
S0026,0.6816,0.6318,analytical,2.36,0.3877,val
S0027,0.5157,0.4701,visual,1.67,0.5041,val
S0028,0.6043,0.4633,exploratory,2.31,0.3719,train
S0029,0.6313,0.8136,exploratory,2.65,0.3507,train
S0030,0.5224,0.4471,visual,1.52,0.4202,val
S0031,0.5613,0.5502,visual,1.96,0.482,test
S0032,0.6732,0.6811,analytical,2.69,0.2228,train
S0033,0.3829,0.4057,hands_on,1.28,0.4974,train
S0034,0.3465,0.6076,exploratory,1.48,0.5141,train
S0035,0.572,0.4318,hands_on,1.88,0.5146,train
S0036,0.6499,0.4574,exploratory,2.21,0.4391,train
S0037,0.8965,0.6993,hands_on,2.88,0.1597,test
S0038,0.606,0.4977,visual,2.16,0.5124,train
S0039,0.4249,0.6278,hands_on,1.88,0.4574,val
S0040,0.3265,0.3027,analytical,1.2,0.6523,train
S0041,0.5932,0.5328,hands_on,1.62,0.4007,train
S0042,0.856,0.7882,visual,3.07,0.1223,train
S0043,0.3997,0.381,analytical,1.4,0.6588,val
S0044,0.5581,0.5737,analytical,2.17,0.3593,train
S0045,0.6492,0.4014,visual,1.9,0.5831,test
S0046,0.522,0.3904,analytical,1.66,0.4434,test
S0047,0.7623,0.6465,exploratory,2.75,0.3119,train
S0048,0.7392,0.4877,visual,2.65,0.3735,val
S0049,0.407,0.4813,visual,1.35,0.5112,train
S0050,0.6754,0.499,exploratory,2.34,0.4461,train
S0051,0.7201,0.7266,analytical,2.92,0.3322,val
S0052,0.5798,0.5215,visual,2.2,0.4673,train
S0053,0.4467,0.4914,visual,1.95,0.4127,train
S0054,0.8043,0.6634,hands_on,2.66,0.1659,train
S0055,0.4344,0.4248,exploratory,1.84,0.4349,train
S0056,0.5115,0.5871,visual,1.86,0.4061,train
S0057,0.6934,0.7361,visual,2.64,0.446,val
S0058,0.7772,0.5449,exploratory,2.43,0.3211,train
S0059,0.8231,0.6352,analytical,2.67,0.4318,val
S0060,0.5068,0.4226,hands_on,1.4,0.4991,train
S0061,0.7995,0.409,hands_on,1.98,0.389,val
S0062,0.608,0.4952,hands_on,2.32,0.4713,train
S0063,0.6201,0.6748,hands_on,2.02,0.314,train
S0064,0.5635,0.5437,analytical,2.11,0.44,train
S0065,0.7961,0.4623,analytical,2.18,0.2175,train
S0066,0.329,0.5062,visual,1.31,0.473,train
S0067,0.4611,0.6078,hands_on,2.06,0.3045,train
S0068,0.8174,0.5685,hands_on,2.68,0.3544,train
S0069,0.6966,0.4143,exploratory,2.13,0.311,val
S0070,0.8632,0.595,hands_on,3.02,0.3768,train
S0071,0.7639,0.699,analytical,2.67,0.2902,train
S0072,0.5527,0.4493,analytical,2.14,0.5458,train
S0073,0.7759,0.6098,hands_on,2.41,0.2447,test
S0074,0.7565,0.6706,analytical,2.43,0.1879,train
S0075,0.4694,0.4849,analytical,1.73,0.4628,train
S0076,0.5776,0.5347,analytical,2.07,0.5046,train
S0077,0.4881,0.5857,analytical,1.78,0.606,train
S0078,0.9845,0.5747,visual,2.97,0.259,test
S0079,0.3059,0.2242,visual,1.28,0.5762,train
S0080,0.2765,0.3702,analytical,1.08,0.5512,train
S0081,0.6175,0.5261,analytical,1.76,0.2863,val
S0082,0.6734,0.6213,analytical,2.06,0.327,train
S0083,0.3856,0.4979,visual,2.01,0.5002,train
S0084,0.5045,0.4516,exploratory,2.08,0.4788,train
S0085,0.6577,0.4386,visual,2.02,0.3408,test
S0086,0.655,0.626,hands_on,2.54,0.2497,train
S0087,0.6043,0.3991,visual,1.98,0.476,train
S0088,0.7781,0.5544,visual,2.8,0.3591,train
S0089,0.5747,0.3838,visual,1.63,0.3939,train
S0090,0.5734,0.441,exploratory,1.71,0.5014,train
S0091,0.4993,0.3694,hands_on,1.92,0.6048,train
S0092,0.5512,0.3899,visual,1.5,0.31,val
S0093,0.5932,0.4215,hands_on,1.95,0.5894,train
S0094,0.7402,0.6829,visual,2.64,0.3358,train
S0095,0.6819,0.5413,analytical,2.47,0.4461,train
S0096,0.7136,0.5163,hands_on,2.37,0.2849,train
S0097,0.3936,0.3968,hands_on,1.43,0.6273,train
S0098,0.5617,0.6157,analytical,2.08,0.4623,train
S0099,0.535,0.4084,exploratory,1.59,0.4433,train
S0100,0.6499,0.626,exploratory,2.34,0.4082,train
S0101,0.8477,0.7301,exploratory,3.19,0.199,train
S0102,0.5746,0.6461,analytical,2.18,0.3213,val
S0103,0.4938,0.3784,visual,1.94,0.5118,train
S0104,0.6215,0.4251,analytical,2.15,0.4625,train
S0105,0.5576,0.5094,analytical,2.09,0.4156,train
S0106,0.5541,0.5846,exploratory,2.06,0.3442,train
S0107,0.647,0.4813,exploratory,2.02,0.4437,train
S0108,0.6342,0.3703,exploratory,2.29,0.5128,train
S0109,0.4228,0.4695,visual,1.79,0.5302,train
S0110,0.2836,0.3173,visual,1.07,0.5202,train
S0111,0.8659,0.7213,analytical,3.33,0.159,test
S0112,0.5259,0.6377,hands_on,2.24,0.3289,test
S0113,0.8733,0.5703,hands_on,2.49,0.4089,train
S0114,0.8483,0.5752,analytical,2.64,0.2889,test
S0115,0.6591,0.5329,hands_on,2.39,0.3612,train
S0116,0.4018,0.5241,visual,1.97,0.4586,test
S0117,0.4577,0.439,exploratory,2.14,0.5065,test
S0118,0.6303,0.7073,exploratory,2.45,0.3782,train
S0119,0.4962,0.3992,visual,1.81,0.3707,train
S0120,0.5782,0.573,analytical,2.01,0.4204,train
S0121,0.2797,0.5501,visual,1.26,0.5062,train
S0122,0.7565,0.6204,hands_on,2.26,0.3349,train
S0123,0.6152,0.481,visual,2.15,0.4907,train
S0124,0.5263,0.3306,exploratory,1.91,0.4788,train
S0125,0.9127,0.774,hands_on,3.32,0.0514,val
S0126,0.5055,0.5081,hands_on,1.89,0.4395,train
S0127,0.9025,0.6199,analytical,3.16,0.3379,train
S0128,0.4204,0.7026,visual,2.57,0.4815,train
S0129,0.3687,0.5306,analytical,1.44,0.4851,train
S0130,0.7964,0.6359,exploratory,2.22,0.2247,train
S0131,0.499,0.5025,analytical,1.92,0.4245,train
S0132,0.697,0.6272,exploratory,2.69,0.2203,train
S0133,0.7724,0.8759,visual,2.7,0.241,val
S0134,0.7913,0.72,visual,2.99,0.3173,train
S0135,0.5221,0.515,analytical,1.85,0.4223,train
S0136,0.656,0.4828,analytical,2.23,0.3675,train
S0137,0.6634,0.6439,hands_on,2.24,0.2759,train
S0138,0.2734,0.3544,exploratory,0.94,0.6015,train
S0139,0.6526,0.7365,hands_on,2.32,0.2361,train
S0140,0.7596,0.5754,analytical,2.67,0.3068,train
S0141,0.7714,0.489,analytical,2.31,0.4157,train
S0142,0.7296,0.5522,analytical,2.49,0.3979,train
S0143,0.6808,0.586,analytical,2.38,0.2828,train
S0144,0.7641,0.7396,analytical,2.55,0.2555,train
S0145,0.5387,0.4707,visual,1.91,0.5175,val
S0146,0.8775,0.5174,analytical,2.75,0.2171,val
S0147,0.775,0.4905,exploratory,2.65,0.3618,val
S0148,0.5734,0.3851,analytical,2.14,0.5858,train
S0149,0.5739,0.5749,exploratory,1.92,0.3834,train
S0150,0.6184,0.5087,visual,2.19,0.2514,train
S0151,0.6964,0.6412,exploratory,2.05,0.1167,val
S0152,0.79,0.7103,exploratory,2.97,0.2697,train
S0153,0.8833,0.6098,visual,3.08,0.2566,train
S0154,0.5533,0.6354,hands_on,1.64,0.4001,train
S0155,0.5248,0.3139,exploratory,1.56,0.5817,val
S0156,0.5053,0.5419,hands_on,1.75,0.3304,test
S0157,0.493,0.5979,hands_on,1.91,0.3646,val
S0158,0.696,0.5466,visual,2.24,0.3947,test
S0159,0.561,0.4682,analytical,1.93,0.5158,train
S0160,0.5532,0.6697,analytical,2.42,0.3491,train
S0161,0.5712,0.428,visual,1.84,0.3558,train
S0162,0.5325,0.5233,analytical,1.76,0.4721,val
S0163,0.4668,0.4037,exploratory,1.59,0.5323,train
S0164,0.8827,0.6111,visual,2.81,0.1631,train
S0165,0.5103,0.4133,hands_on,1.73,0.3457,test
S0166,0.6858,0.7384,exploratory,2.49,0.3248,train
S0167,0.5952,0.4582,hands_on,2.07,0.3966,train
S0168,0.6644,0.4823,analytical,2.44,0.4189,train
S0169,0.8527,0.6976,hands_on,2.67,0.2343,train
S0170,0.5236,0.5068,visual,2.0,0.3646,train
S0171,0.4387,0.4215,analytical,1.79,0.5663,val
S0172,0.6186,0.4861,visual,2.0,0.3541,train
S0173,0.4103,0.4771,exploratory,1.87,0.401,test
S0174,0.4641,0.4166,visual,1.63,0.3938,val
S0175,0.9356,0.7424,hands_on,2.95,0.1647,train
S0176,0.7342,0.6511,hands_on,2.34,0.4242,train
S0177,0.4803,0.5236,visual,2.0,0.4715,train
S0178,0.8031,0.6292,hands_on,2.85,0.4181,train
S0179,0.4814,0.4649,visual,2.07,0.6101,train
S0180,0.7291,0.5785,exploratory,2.61,0.3729,train
S0181,0.6146,0.5323,exploratory,2.13,0.5298,train
S0182,0.7551,0.3553,visual,2.29,0.5372,val
S0183,0.7407,0.5237,analytical,2.43,0.4453,test
S0184,0.6438,0.5609,visual,2.19,0.2271,train
S0185,0.5135,0.4828,visual,1.74,0.4527,train
S0186,0.4505,0.6606,exploratory,1.64,0.3645,val
S0187,0.6663,0.49,hands_on,2.05,0.4934,train
S0188,0.3028,0.3261,hands_on,1.15,0.6124,train
S0189,0.6149,0.5212,visual,1.59,0.5489,train
S0190,0.6253,0.6142,analytical,2.19,0.3703,val
S0191,0.6124,0.5274,exploratory,2.32,0.4049,train
S0192,0.6238,0.4192,visual,2.27,0.4204,test
S0193,0.6033,0.4633,hands_on,1.92,0.4253,train
S0194,0.4138,0.5899,analytical,1.68,0.4898,train
S0195,0.6648,0.5948,exploratory,2.21,0.3479,train
S0196,0.5806,0.5156,visual,1.94,0.3896,train
S0197,0.7169,0.5594,hands_on,2.64,0.3133,train
S0198,0.6481,0.5745,visual,2.61,0.5155,train
S0199,0.6705,0.4783,hands_on,1.85,0.5628,train
S0200,0.5546,0.5308,analytical,1.85,0.3939,val
S0201,0.5633,0.3491,hands_on,1.39,0.5774,train
S0202,0.8963,0.5727,hands_on,2.83,0.1927,test
S0203,0.9233,0.8145,analytical,3.16,0.1118,val
S0204,0.8335,0.5285,exploratory,2.7,0.2201,train
S0205,0.6615,0.3093,exploratory,2.05,0.5647,train
S0206,0.6096,0.3617,visual,1.99,0.5217,train
S0207,0.3864,0.3053,exploratory,0.98,0.6628,test
S0208,0.695,0.5991,exploratory,2.42,0.4087,train
S0209,0.5145,0.3323,hands_on,1.29,0.4694,train
S0210,0.3767,0.5498,analytical,2.0,0.4771,train
S0211,0.6498,0.5152,analytical,2.13,0.4314,test
S0212,0.9166,0.7044,exploratory,2.8,0.1629,train
S0213,0.4009,0.3465,hands_on,1.29,0.5892,train
S0214,0.6464,0.6595,hands_on,2.45,0.2684,val
S0215,0.6206,0.6099,visual,2.43,0.4727,test
S0216,0.6734,0.5511,hands_on,2.57,0.444,train
S0217,0.7348,0.4647,analytical,2.33,0.4792,train
S0218,0.4958,0.4605,hands_on,1.71,0.5424,test
S0219,0.5589,0.3981,analytical,1.96,0.4019,test
S0220,0.7067,0.6696,visual,2.69,0.2623,test
S0221,0.4822,0.4743,hands_on,1.8,0.4334,train
S0222,0.4435,0.5629,exploratory,1.98,0.4465,train
S0223,0.6479,0.3807,hands_on,1.87,0.5418,train
S0224,0.5886,0.6279,analytical,2.23,0.2547,test
S0225,0.6255,0.5887,analytical,1.85,0.3269,test
S0226,0.8025,0.6684,visual,3.05,0.2265,train
S0227,0.738,0.4992,visual,2.27,0.2581,val
S0228,0.5827,0.5285,visual,2.35,0.4363,train
S0229,0.6432,0.5579,exploratory,2.12,0.3521,test
S0230,0.4325,0.5424,hands_on,1.83,0.5702,val
S0231,0.3402,0.3495,exploratory,1.28,0.5876,train
S0232,0.6201,0.4477,hands_on,1.92,0.4762,train
S0233,0.71,0.4548,exploratory,2.34,0.405,val
S0234,0.7943,0.4714,analytical,2.71,0.1519,test
S0235,0.8078,0.4802,hands_on,2.86,0.2256,train
S0236,0.8078,0.6216,hands_on,2.86,0.3075,train
S0237,0.7529,0.6123,visual,2.33,0.3327,val
S0238,0.5505,0.4051,hands_on,1.54,0.4845,train
S0239,0.5292,0.5172,hands_on,2.17,0.5555,train
S0240,0.7755,0.6394,hands_on,2.47,0.3241,train
S0241,0.6528,0.657,analytical,2.54,0.4562,train
S0242,0.7681,0.4269,analytical,2.36,0.1855,val
S0243,0.6729,0.585,analytical,2.62,0.4927,train
S0244,0.5747,0.5618,hands_on,2.21,0.36,test
S0245,0.6552,0.5778,exploratory,2.3,0.3671,val
S0246,0.5039,0.4162,hands_on,2.15,0.6009,train
S0247,0.8448,0.5076,visual,2.78,0.1422,test
S0248,0.5509,0.3818,hands_on,1.9,0.48,train
S0249,0.6944,0.6522,visual,2.37,0.3947,test
S0250,0.5463,0.3778,hands_on,1.54,0.4548,train
S0251,0.8359,0.4829,hands_on,2.51,0.3996,test
S0252,0.3575,0.4424,analytical,1.15,0.6142,train
S0253,0.4781,0.3257,hands_on,1.48,0.5718,train
S0254,0.7252,0.6766,analytical,2.77,0.3371,train
S0255,0.6385,0.4933,visual,2.34,0.5142,train
S0256,0.51,0.6021,visual,1.96,0.4677,train
S0257,0.7211,0.5264,hands_on,2.96,0.433,val
S0258,0.6009,0.521,exploratory,2.36,0.3447,train
S0259,0.5639,0.5582,visual,2.07,0.4616,train
S0260,0.5522,0.6556,visual,2.43,0.4156,train
S0261,0.7816,0.5481,hands_on,2.43,0.4116,train
S0262,0.7031,0.482,hands_on,2.32,0.294,test
S0263,0.7174,0.4709,exploratory,2.21,0.4712,train
S0264,0.6383,0.5646,hands_on,2.01,0.3084,val
S0265,0.6411,0.6344,visual,2.47,0.5333,train
S0266,0.4744,0.5549,analytical,1.87,0.3857,train
S0267,0.8292,0.7254,visual,2.93,0.1271,train
S0268,0.5044,0.6014,exploratory,2.01,0.3992,train
S0269,0.8556,0.5686,analytical,2.56,0.363,train
S0270,0.6375,0.3067,analytical,2.18,0.5235,train
S0271,0.7251,0.5364,hands_on,2.45,0.4867,train
S0272,0.5591,0.6075,exploratory,2.09,0.371,train
S0273,0.2976,0.3061,hands_on,0.85,0.6091,train
S0274,0.6099,0.6183,exploratory,2.55,0.3086,train
S0275,0.5307,0.5013,hands_on,2.1,0.4135,train
S0276,0.5606,0.5189,hands_on,2.01,0.3224,test
S0277,0.3295,0.5084,analytical,1.23,0.491,train
S0278,0.7441,0.5348,visual,2.77,0.2476,train
S0279,0.8591,0.7743,analytical,2.98,0.2425,train
S0280,0.9161,0.6896,analytical,2.92,0.3159,train
S0281,0.6577,0.7299,hands_on,2.53,0.3133,train
S0282,0.526,0.5091,hands_on,2.0,0.4003,test
S0283,0.7969,0.5596,hands_on,2.56,0.3691,test
S0284,0.6081,0.6407,analytical,1.62,0.3549,train
S0285,0.7094,0.5906,visual,2.5,0.4162,val
S0286,0.558,0.3619,exploratory,1.96,0.4304,train
S0287,0.4878,0.6528,exploratory,1.87,0.3367,train
S0288,0.6519,0.5788,analytical,2.61,0.4243,train
S0289,0.7334,0.733,analytical,2.89,0.2585,train
S0290,0.6415,0.5738,exploratory,2.37,0.4473,train
S0291,0.7303,0.4885,visual,2.14,0.3029,test
S0292,0.76,0.6379,hands_on,2.68,0.3256,train
S0293,0.635,0.6114,visual,2.39,0.4028,train
S0294,0.7624,0.5167,analytical,2.44,0.2214,train
S0295,0.7335,0.5471,exploratory,2.61,0.3434,test
S0296,0.6235,0.5412,analytical,2.11,0.2346,val
S0297,0.8439,0.7791,exploratory,2.97,0.3073,train
S0298,0.3755,0.269,hands_on,1.1,0.5245,val
S0299,0.5201,0.4958,visual,1.8,0.4477,train
S0300,0.7398,0.6951,hands_on,2.64,0.2739,train
S0301,0.8821,0.5106,visual,2.67,0.2163,val
S0302,0.6061,0.7989,exploratory,2.49,0.4357,val
S0303,0.6512,0.657,visual,2.6,0.276,train
S0304,0.476,0.349,exploratory,1.87,0.5272,train
S0305,0.971,0.6786,exploratory,2.9,0.1225,test
S0306,0.7623,0.5182,hands_on,2.75,0.2879,train
S0307,0.3215,0.3588,visual,1.38,0.6052,train
S0308,0.5644,0.5281,hands_on,1.86,0.4846,train
S0309,0.8185,0.4188,hands_on,2.36,0.3761,train
S0310,0.5025,0.2962,exploratory,1.61,0.4999,train
S0311,0.6492,0.5662,visual,1.95,0.3726,test
S0312,0.3422,0.4076,analytical,1.35,0.4732,train
S0313,0.7025,0.591,analytical,2.54,0.4326,train
S0314,0.6339,0.5603,visual,2.09,0.3421,train
S0315,0.7172,0.4915,exploratory,2.02,0.3399,test
S0316,0.6795,0.6163,exploratory,2.46,0.1812,val
S0317,0.8152,0.6512,exploratory,3.21,0.2196,train
S0318,0.8518,0.863,visual,3.03,0.2829,train
S0319,0.3244,0.3758,visual,1.14,0.6538,val
S0320,0.6566,0.4743,visual,2.12,0.4998,train
S0321,0.8237,0.7041,hands_on,3.18,0.2418,test
S0322,0.5942,0.5401,analytical,1.79,0.1999,test
S0323,0.8843,0.5734,exploratory,2.96,0.2696,train
S0324,0.583,0.5466,analytical,2.01,0.4278,test
S0325,0.7233,0.6358,visual,2.47,0.38,test
S0326,0.8733,0.6511,visual,2.7,0.2311,test
S0327,0.4197,0.5092,exploratory,1.64,0.4402,train
S0328,0.6151,0.467,visual,1.86,0.4251,train
S0329,0.8568,0.7249,hands_on,2.86,0.1809,train
S0330,0.7672,0.6459,hands_on,2.16,0.326,train
S0331,0.6626,0.4376,visual,1.77,0.4172,val
S0332,0.7665,0.6591,exploratory,2.74,0.1993,test
S0333,0.7433,0.5332,hands_on,2.69,0.3909,train
S0334,0.6929,0.8187,exploratory,3.4,0.1807,train
S0335,0.6736,0.5211,analytical,2.45,0.3571,val
S0336,0.5904,0.4295,visual,1.84,0.424,train
S0337,0.6961,0.5094,analytical,1.9,0.3965,train
S0338,0.8925,0.6536,hands_on,3.05,0.1146,train
S0339,0.5516,0.4745,analytical,1.63,0.4608,train
S0340,0.8266,0.6784,visual,2.67,0.3292,val
S0341,0.367,0.3303,exploratory,1.48,0.6139,train
S0342,0.4811,0.3894,hands_on,1.7,0.4749,val
S0343,0.5745,0.527,analytical,1.87,0.3951,train
S0344,0.6574,0.4127,exploratory,1.72,0.4621,train
S0345,0.5933,0.6217,hands_on,2.28,0.4181,train
S0346,0.4352,0.3852,analytical,1.6,0.6711,train
S0347,0.2801,0.3886,hands_on,1.5,0.489,val
S0348,0.6448,0.4195,visual,1.55,0.4622,test
S0349,0.6618,0.4013,exploratory,2.08,0.4565,test
S0350,0.7814,0.7355,exploratory,3.01,0.2321,train
S0351,0.331,0.3797,hands_on,1.21,0.6286,train
S0352,0.4878,0.3874,hands_on,1.33,0.5078,test
S0353,0.7259,0.6719,analytical,2.42,0.2111,train
S0354,0.7481,0.8127,exploratory,2.87,0.2348,train
S0355,0.8596,0.6205,visual,2.72,0.3059,train
S0356,0.3178,0.5032,visual,1.51,0.5468,val
S0357,0.7315,0.6919,analytical,2.9,0.3642,test
S0358,0.6816,0.6093,exploratory,2.33,0.3201,train
S0359,0.84,0.5905,analytical,2.98,0.3131,train
S0360,0.383,0.6279,hands_on,1.76,0.3386,test
S0361,0.5514,0.4257,exploratory,1.92,0.6597,train
S0362,0.7289,0.7273,exploratory,2.67,0.2465,train
S0363,0.699,0.5365,visual,2.42,0.3249,train
S0364,0.5831,0.4808,exploratory,2.11,0.42,train
S0365,0.7545,0.4477,exploratory,2.46,0.3031,train
S0366,0.3239,0.3955,hands_on,1.31,0.5028,val
S0367,0.3776,0.3808,analytical,0.74,0.582,val
S0368,0.6589,0.6682,analytical,2.57,0.3319,train
S0369,0.6201,0.6026,analytical,1.87,0.3877,train
S0370,0.7271,0.6279,analytical,2.42,0.3075,train
S0371,0.6407,0.4884,hands_on,1.66,0.4053,train
S0372,0.5212,0.6013,hands_on,2.39,0.3186,train
S0373,0.8175,0.5084,analytical,2.64,0.2843,test
S0374,0.5939,0.4616,hands_on,1.93,0.4579,test
S0375,0.569,0.4721,visual,2.24,0.4084,test
S0376,0.8945,0.7116,hands_on,3.14,0.2206,test
S0377,0.3997,0.3721,visual,1.46,0.5619,train
S0378,0.5913,0.5874,exploratory,2.26,0.3781,val
S0379,0.6901,0.3775,hands_on,2.01,0.4561,train
S0380,0.5792,0.7025,visual,2.08,0.382,train
S0381,0.5074,0.4483,analytical,1.98,0.5466,val
S0382,0.6814,0.6564,analytical,2.47,0.4766,train
S0383,0.5347,0.3056,analytical,1.28,0.611,train
S0384,0.7803,0.4401,exploratory,2.48,0.2524,test
S0385,0.3504,0.6047,analytical,1.69,0.4035,train
S0386,0.6781,0.4347,analytical,2.48,0.3973,val
S0387,0.5401,0.5618,exploratory,2.08,0.3631,train
S0388,0.6835,0.6757,analytical,2.28,0.3396,train
S0389,0.7512,0.4954,visual,2.04,0.3988,test
S0390,0.5352,0.7576,analytical,2.57,0.2995,train
S0391,0.6496,0.4803,hands_on,2.14,0.5067,train
S0392,0.3165,0.4143,hands_on,1.14,0.7075,train
S0393,0.3913,0.3297,visual,1.21,0.4506,train
S0394,0.7187,0.7459,hands_on,2.96,0.1466,train
S0395,0.6132,0.5229,exploratory,2.23,0.4965,train
S0396,0.8332,0.6016,analytical,2.95,0.3439,test
S0397,0.6886,0.4272,analytical,2.2,0.4581,test
S0398,0.5369,0.5065,analytical,1.77,0.4513,train
S0399,0.5793,0.4032,hands_on,2.24,0.4696,train
S0400,0.5966,0.3903,analytical,1.82,0.5188,train
S0401,0.5435,0.4354,hands_on,2.01,0.4936,train
S0402,0.4318,0.2927,analytical,1.61,0.6986,train
S0403,0.7107,0.4535,visual,2.25,0.3416,test
S0404,0.721,0.6062,hands_on,2.27,0.3242,train
S0405,0.828,0.593,analytical,2.58,0.3518,train
S0406,0.6525,0.465,analytical,2.27,0.4303,val
S0407,0.7881,0.6487,exploratory,2.81,0.3273,train
S0408,0.5776,0.594,analytical,2.42,0.4455,train
S0409,0.5889,0.6034,visual,2.43,0.3495,train
S0410,0.827,0.7546,exploratory,2.76,0.1266,val
S0411,0.7626,0.5501,exploratory,2.79,0.2695,val
S0412,0.7448,0.4912,visual,2.17,0.2771,train
S0413,0.3523,0.4141,visual,1.52,0.4266,train
S0414,0.6603,0.5824,visual,2.81,0.4481,train
S0415,0.7954,0.6908,exploratory,2.85,0.1004,train
S0416,0.7376,0.4114,visual,1.88,0.5519,train
S0417,0.734,0.6733,hands_on,2.56,0.2445,train
S0418,0.8126,0.5545,hands_on,3.05,0.2826,test
S0419,0.45,0.4306,exploratory,1.59,0.4025,train
S0420,0.5983,0.5672,exploratory,2.43,0.4263,train
S0421,0.8211,0.5268,exploratory,2.41,0.2926,train
S0422,0.7604,0.5986,hands_on,2.5,0.3133,train
S0423,0.2822,0.449,hands_on,1.25,0.528,train
S0424,0.2753,0.4358,hands_on,1.65,0.6385,train
S0425,0.5425,0.456,analytical,1.82,0.4048,val
S0426,0.6586,0.5227,hands_on,1.86,0.3947,test
S0427,0.5391,0.3446,visual,2.18,0.5593,train
S0428,0.5821,0.417,exploratory,1.95,0.5865,train
S0429,0.5248,0.3757,hands_on,1.85,0.5793,train
S0430,0.6449,0.6289,analytical,2.04,0.354,train
S0431,0.2851,0.3302,hands_on,1.17,0.6425,train
S0432,0.7515,0.595,exploratory,2.55,0.3391,train
S0433,0.6234,0.5597,visual,2.02,0.449,val
S0434,0.8774,0.6035,hands_on,2.97,0.1941,train
S0435,0.8201,0.5228,hands_on,2.25,0.3879,test
S0436,0.7565,0.5616,analytical,2.31,0.2519,train
S0437,0.4063,0.5796,analytical,2.01,0.5129,train
S0438,0.4982,0.5741,hands_on,1.81,0.4808,train
S0439,0.5558,0.6556,analytical,2.11,0.3211,val
S0440,0.6548,0.7195,exploratory,2.54,0.1782,train
S0441,0.5587,0.4906,analytical,1.89,0.4266,train
S0442,0.7945,0.7542,analytical,3.02,0.0127,train
S0443,0.2069,0.3436,visual,1.01,0.658,test
S0444,0.572,0.5488,exploratory,1.78,0.3158,train
S0445,0.5187,0.4839,hands_on,1.72,0.7179,train
S0446,0.8574,0.6898,visual,2.75,0.3085,test
S0447,0.6878,0.6898,visual,2.46,0.3058,train
S0448,0.6772,0.5574,analytical,2.35,0.471,train
S0449,0.5027,0.5024,analytical,1.92,0.5241,test
S0450,0.7055,0.551,analytical,1.91,0.2615,train
S0451,0.4405,0.4764,analytical,1.89,0.4574,train
S0452,0.6443,0.5974,analytical,2.3,0.4436,train
S0453,0.8177,0.683,visual,2.6,0.1678,train
S0454,0.8265,0.532,visual,2.81,0.3403,val
S0455,0.5226,0.4118,visual,1.35,0.5535,train
S0456,0.8045,0.7211,visual,2.54,0.2126,test
S0457,0.3174,0.4472,visual,1.79,0.5881,test
S0458,0.5856,0.513,hands_on,2.09,0.4922,train
S0459,0.5302,0.6893,analytical,2.05,0.4339,train
S0460,0.2378,0.2146,analytical,0.87,0.7523,test
S0461,0.7273,0.5786,exploratory,2.43,0.3313,test
S0462,0.7946,0.5929,analytical,2.64,0.3426,train
S0463,0.7711,0.6926,hands_on,2.83,0.0996,train
S0464,0.7344,0.6368,analytical,2.53,0.421,train
S0465,0.6759,0.5683,hands_on,2.41,0.3495,train
S0466,0.8681,0.7472,visual,3.0,0.1343,val
S0467,0.5251,0.3722,analytical,1.55,0.5642,val
S0468,0.8102,0.6307,hands_on,2.51,0.3173,train
S0469,0.572,0.5429,hands_on,2.34,0.3402,train
S0470,0.5988,0.6683,hands_on,2.45,0.3552,test
S0471,0.4501,0.6727,exploratory,2.21,0.4177,train
S0472,0.5185,0.63,analytical,2.09,0.401,train
S0473,0.7413,0.555,visual,2.51,0.4666,train
S0474,0.362,0.3804,analytical,1.33,0.5843,train
S0475,0.722,0.5378,visual,2.63,0.3427,train
S0476,0.7981,0.5238,hands_on,2.47,0.2707,test
S0477,0.7101,0.4397,visual,2.02,0.3366,train
S0478,0.4866,0.6122,analytical,2.09,0.4569,train
S0479,0.6333,0.6594,visual,2.35,0.3007,train
S0480,0.4822,0.4984,exploratory,1.86,0.4637,val
S0481,0.5686,0.4946,visual,2.14,0.4574,train
S0482,0.6565,0.6418,visual,2.29,0.3408,val
S0483,0.6725,0.6177,analytical,2.36,0.3502,train
S0484,0.7007,0.7082,visual,2.54,0.2965,train
S0485,0.5279,0.5532,visual,2.25,0.4835,train
S0486,0.4824,0.489,visual,1.8,0.6942,train
S0487,0.8127,0.5433,exploratory,2.63,0.4081,train
S0488,0.6916,0.5832,exploratory,2.16,0.3174,val
S0489,0.7893,0.5722,visual,2.74,0.4046,train
S0490,0.7581,0.5367,visual,2.56,0.253,train
S0491,0.3746,0.2881,hands_on,1.09,0.5765,train
S0492,0.7903,0.7616,hands_on,3.27,0.2782,train
S0493,0.6077,0.612,analytical,2.32,0.4252,train
S0494,0.8434,0.658,analytical,2.72,0.2925,val
S0495,0.5308,0.6213,exploratory,2.1,0.3543,train
S0496,0.9605,0.6929,hands_on,3.08,0.1293,test
S0497,0.6365,0.5307,exploratory,2.51,0.4053,train
S0498,0.5702,0.3748,analytical,2.0,0.4745,train
S0499,0.7442,0.5239,exploratory,2.51,0.4204,test
S0500,0.4545,0.5348,analytical,2.15,0.4526,train
S0501,0.4227,0.556,exploratory,1.56,0.4551,train
S0502,0.757,0.4851,exploratory,2.55,0.231,val
S0503,0.6924,0.8213,hands_on,2.86,0.3089,test
S0504,0.4693,0.6412,exploratory,1.95,0.4461,train
S0505,0.8398,0.5614,visual,2.64,0.1066,val
S0506,0.7136,0.6885,analytical,2.79,0.3247,test
S0507,0.3694,0.4765,analytical,1.7,0.5072,train
S0508,0.7607,0.5138,analytical,2.16,0.4086,train
S0509,0.7325,0.4912,hands_on,2.71,0.3609,train
S0510,0.7894,0.6922,visual,3.0,0.189,test
S0511,0.5949,0.5844,visual,2.13,0.5276,val
S0512,0.5594,0.4105,exploratory,1.69,0.6093,train
S0513,0.673,0.6024,analytical,2.61,0.3312,train
S0514,0.4564,0.5461,exploratory,1.92,0.4987,train
S0515,0.611,0.5017,visual,2.24,0.3825,test
S0516,0.5933,0.5363,analytical,2.22,0.2752,test
S0517,0.623,0.5178,analytical,2.39,0.5121,val
S0518,0.6901,0.6223,hands_on,2.62,0.2656,val
S0519,0.4779,0.467,exploratory,1.64,0.5967,train
S0520,0.8758,0.489,analytical,2.54,0.3616,train
S0521,0.7923,0.7914,exploratory,3.0,0.2303,val
S0522,0.6741,0.4351,analytical,2.59,0.4176,test
S0523,0.3619,0.3365,visual,1.27,0.6618,train
S0524,0.7859,0.6948,exploratory,2.84,0.1792,train
S0525,0.5093,0.3945,exploratory,1.89,0.62,train
S0526,0.9132,0.7824,analytical,3.1,0.1684,train
S0527,0.5669,0.4478,analytical,2.08,0.583,train
S0528,0.4926,0.6426,analytical,2.05,0.3994,train
S0529,0.589,0.4098,hands_on,2.16,0.4819,train
S0530,0.549,0.4288,analytical,1.66,0.5011,train
S0531,0.5775,0.4952,hands_on,2.48,0.4834,train
S0532,0.4776,0.3625,hands_on,1.53,0.6869,train
S0533,0.6896,0.6354,visual,2.57,0.2887,train
S0534,0.6801,0.6179,analytical,2.42,0.3257,train
S0535,0.3989,0.4183,analytical,1.29,0.5507,train
S0536,0.7461,0.4555,visual,2.49,0.1941,train
S0537,0.5615,0.7413,visual,2.29,0.2893,train
S0538,0.4657,0.4932,analytical,1.87,0.4493,train
S0539,0.634,0.5927,exploratory,2.12,0.579,val
S0540,0.6405,0.5443,analytical,2.17,0.4075,test
S0541,0.2769,0.3251,visual,1.04,0.6886,train
S0542,0.8825,0.6943,visual,3.09,0.093,train
S0543,0.5054,0.3749,hands_on,1.74,0.5189,train
S0544,0.5991,0.5746,visual,2.14,0.4667,val
S0545,0.599,0.706,visual,2.3,0.5341,val
S0546,0.7209,0.5979,visual,2.55,0.2718,train
S0547,0.7445,0.5237,visual,2.46,0.204,train
S0548,0.6786,0.4577,visual,2.21,0.3466,val
S0549,0.2522,0.3647,analytical,1.5,0.5807,train
S0550,0.3843,0.4358,visual,1.61,0.49,train
S0551,0.7066,0.7242,hands_on,3.03,0.3488,train
S0552,0.6036,0.578,analytical,2.18,0.4157,train
S0553,0.6367,0.6189,exploratory,2.32,0.2647,train
S0554,0.6972,0.5004,exploratory,2.18,0.4944,test
S0555,0.7087,0.5681,exploratory,2.47,0.4969,train
S0556,0.7601,0.662,analytical,2.6,0.1437,val
S0557,0.5989,0.3437,analytical,1.74,0.59,train
S0558,0.5925,0.3668,exploratory,1.47,0.4747,train
S0559,0.5831,0.3474,analytical,2.1,0.4259,train
S0560,0.6642,0.5202,hands_on,2.16,0.2706,val
S0561,0.7539,0.6956,visual,3.0,0.2315,train
S0562,0.6732,0.4713,analytical,2.17,0.3632,train
S0563,0.8675,0.5514,hands_on,2.86,0.2933,train
S0564,0.5691,0.4802,analytical,1.99,0.6195,val
S0565,0.8964,0.6233,visual,2.99,0.1955,val
S0566,0.4292,0.4263,hands_on,1.38,0.4225,train
S0567,0.5256,0.4088,analytical,2.01,0.4731,train
S0568,0.3074,0.3044,visual,1.06,0.7281,train
S0569,0.4433,0.317,analytical,1.64,0.558,train
S0570,0.7256,0.5055,analytical,2.06,0.4181,train
S0571,0.6172,0.6419,analytical,2.17,0.367,test
S0572,0.7437,0.4125,exploratory,2.33,0.4046,test
S0573,0.618,0.4826,exploratory,2.05,0.5517,val
S0574,0.3856,0.4696,analytical,1.64,0.4577,train
S0575,0.577,0.4601,analytical,2.0,0.3701,train
S0576,0.8181,0.6776,exploratory,3.18,0.1742,train
S0577,0.6012,0.6449,analytical,2.4,0.3869,val
S0578,0.637,0.6216,exploratory,2.25,0.3579,train
S0579,0.6898,0.6223,analytical,2.37,0.3864,train
S0580,0.3158,0.4458,visual,1.6,0.5712,train
S0581,0.5747,0.6133,visual,1.88,0.3697,test
S0582,0.6182,0.4454,hands_on,2.14,0.4677,train
S0583,0.5431,0.4955,hands_on,1.71,0.5883,train
S0584,0.5529,0.453,analytical,2.12,0.3744,train
S0585,0.7601,0.4798,visual,2.31,0.2884,train
S0586,0.3925,0.2657,analytical,1.37,0.6271,train
S0587,0.8359,0.5364,hands_on,2.65,0.465,train
S0588,0.8314,0.4869,hands_on,2.28,0.241,train
S0589,0.7924,0.633,visual,2.82,0.2778,train
S0590,0.2857,0.3655,exploratory,1.03,0.5567,train
S0591,0.5138,0.5997,visual,2.19,0.4508,train
S0592,0.7799,0.6221,visual,2.45,0.1239,test
S0593,0.7563,0.6923,exploratory,2.75,0.1852,val
S0594,0.7433,0.5634,visual,2.49,0.4342,test
S0595,0.5628,0.5872,visual,2.0,0.4033,train
S0596,0.6138,0.5491,analytical,2.45,0.3371,val
S0597,0.6257,0.4928,visual,2.12,0.413,train
S0598,0.4458,0.5375,hands_on,1.7,0.4725,val
S0599,0.6466,0.5228,visual,2.27,0.4386,train
S0600,0.6208,0.6331,hands_on,2.02,0.1897,test
S0601,0.5657,0.4518,exploratory,2.41,0.3792,val
S0602,0.8503,0.6596,visual,2.64,0.1642,train
S0603,0.6062,0.437,analytical,2.1,0.5009,train
S0604,0.5779,0.7252,analytical,2.37,0.3331,val
S0605,0.6852,0.6186,visual,2.67,0.4486,test
S0606,0.5385,0.7063,analytical,2.28,0.4262,train
S0607,0.7405,0.6808,visual,2.52,0.2527,train
S0608,0.7373,0.5631,visual,2.1,0.3309,train
S0609,0.7923,0.7088,visual,2.45,0.348,train
S0610,0.6819,0.6943,hands_on,2.49,0.4154,train
S0611,0.8994,0.7491,exploratory,3.38,0.1705,train
S0612,0.9027,0.6656,hands_on,2.65,0.1355,train
S0613,0.6701,0.4791,analytical,2.56,0.2348,train
S0614,0.8813,0.761,exploratory,3.3,0.0129,test
S0615,0.6575,0.6492,hands_on,2.15,0.3697,train
S0616,0.4966,0.4668,exploratory,1.58,0.5227,train
S0617,0.408,0.35,analytical,1.23,0.5249,val
S0618,0.7543,0.6752,visual,2.73,0.3809,test
S0619,0.7249,0.5077,hands_on,2.35,0.3488,train
S0620,0.809,0.5815,hands_on,2.63,0.2472,test
S0621,0.7558,0.6923,hands_on,2.6,0.362,train
S0622,0.4038,0.353,hands_on,1.45,0.6626,train
S0623,0.5047,0.3427,hands_on,1.79,0.5345,val
S0624,0.7112,0.4176,exploratory,2.17,0.4535,test
S0625,0.9279,0.7448,exploratory,3.03,0.2188,train
S0626,0.9267,0.7429,exploratory,3.35,0.3427,test
S0627,0.7187,0.5729,visual,2.4,0.3283,train
S0628,0.5847,0.6361,hands_on,2.35,0.2763,test
S0629,0.4613,0.445,hands_on,1.66,0.5622,test
S0630,0.5839,0.5088,hands_on,2.26,0.4332,train
S0631,0.4971,0.4558,analytical,2.02,0.5002,train
S0632,0.8821,0.4711,hands_on,2.89,0.3086,test
S0633,0.5137,0.4563,visual,1.7,0.3562,train
S0634,0.5594,0.3978,hands_on,1.72,0.5101,test
S0635,0.861,0.5577,analytical,2.91,0.2529,test
S0636,0.3561,0.5197,analytical,1.55,0.5012,train
S0637,0.737,0.4032,hands_on,2.22,0.375,train
S0638,0.5519,0.4617,visual,1.77,0.4607,val
S0639,0.6814,0.5086,hands_on,2.54,0.4053,train
S0640,0.8403,0.6705,exploratory,3.06,0.2378,train
S0641,0.5193,0.3983,analytical,1.72,0.5995,test
S0642,0.5165,0.56,exploratory,1.85,0.4961,train
S0643,0.3786,0.3609,exploratory,1.24,0.5814,train
S0644,0.7576,0.6912,hands_on,2.73,0.1852,train
S0645,0.4981,0.5397,hands_on,1.98,0.4994,train
S0646,0.875,0.6669,analytical,2.75,0.201,train
S0647,0.5565,0.449,hands_on,1.65,0.4539,val
S0648,0.7196,0.4591,analytical,2.29,0.2841,val
S0649,0.3707,0.4202,hands_on,1.62,0.5972,val
S0650,0.6469,0.6537,visual,2.42,0.5422,train
S0651,0.7412,0.509,exploratory,2.34,0.3169,test
S0652,0.5778,0.6315,visual,1.99,0.4256,val
S0653,0.5432,0.6214,visual,2.0,0.4956,val
S0654,0.5953,0.4474,hands_on,2.16,0.4089,train
S0655,0.4965,0.5155,exploratory,1.61,0.2706,train
S0656,0.6797,0.7347,hands_on,2.95,0.3392,train
S0657,0.6501,0.4915,visual,2.18,0.4126,val
S0658,0.2213,0.4498,exploratory,0.84,0.6429,train
S0659,0.7131,0.4583,hands_on,2.36,0.3972,train
S0660,0.6589,0.5631,analytical,2.38,0.4629,val
S0661,0.7146,0.5106,hands_on,2.25,0.3608,test
S0662,0.5737,0.5517,exploratory,2.28,0.5872,train
S0663,0.733,0.7005,visual,2.54,0.3307,train
S0664,0.3626,0.4348,analytical,1.58,0.6421,train
S0665,0.8301,0.6115,exploratory,2.74,0.2718,train
S0666,0.699,0.4709,analytical,2.19,0.4184,train
S0667,0.5646,0.6758,visual,2.52,0.2267,train
S0668,0.5515,0.7044,hands_on,2.47,0.3087,train
S0669,0.678,0.5983,exploratory,2.17,0.4319,test
S0670,0.7462,0.7945,visual,2.91,0.2214,train
S0671,0.5461,0.5951,hands_on,2.47,0.3165,train
S0672,0.8283,0.4262,analytical,2.74,0.3008,train
S0673,0.6484,0.4368,hands_on,1.9,0.3763,train
S0674,0.6145,0.4906,analytical,2.41,0.4196,train
S0675,0.3587,0.4937,visual,1.72,0.4697,train
S0676,0.8475,0.4577,exploratory,2.34,0.4465,test
S0677,0.6482,0.5929,exploratory,2.36,0.3782,val
S0678,0.6463,0.6734,hands_on,2.53,0.2145,val
S0679,0.5907,0.505,analytical,1.84,0.5498,test
S0680,0.3662,0.4618,visual,1.64,0.5437,train
S0681,0.7776,0.6507,analytical,3.17,0.3177,train
S0682,0.6587,0.5936,exploratory,2.61,0.381,train
S0683,0.5077,0.4435,visual,1.81,0.5254,test
S0684,0.6298,0.6316,analytical,2.28,0.3249,train
S0685,0.5399,0.471,hands_on,1.96,0.4915,test
S0686,0.6522,0.5829,analytical,2.11,0.3523,train
S0687,0.7315,0.5776,hands_on,2.38,0.3599,train
S0688,0.5337,0.4572,analytical,1.47,0.4592,train
S0689,0.624,0.5718,exploratory,2.32,0.3587,train
S0690,0.8387,0.7634,visual,2.92,0.0821,train
S0691,0.54,0.3584,exploratory,1.85,0.5153,train
S0692,0.4596,0.478,visual,1.75,0.5161,train
S0693,0.5707,0.3875,hands_on,1.63,0.6367,train
S0694,0.3702,0.2878,visual,1.29,0.6622,train
S0695,0.867,0.5437,visual,2.58,0.2272,train
S0696,0.4523,0.629,visual,2.27,0.3522,train
S0697,0.8873,0.6708,hands_on,2.79,0.2402,train
S0698,0.3887,0.4064,hands_on,1.37,0.5026,train
S0699,0.6466,0.5006,hands_on,1.97,0.3583,val
S0700,0.669,0.6315,visual,2.2,0.2749,train
S0701,0.6905,0.5899,exploratory,2.41,0.3175,train
S0702,0.7322,0.5332,exploratory,2.16,0.4095,test
S0703,0.6123,0.413,hands_on,1.93,0.2994,test
S0704,0.5761,0.4271,analytical,1.99,0.5722,train
S0705,0.7358,0.7427,exploratory,2.65,0.2383,train
S0706,0.7158,0.6101,exploratory,2.05,0.2726,train
S0707,0.5981,0.4786,visual,2.3,0.5065,test
S0708,0.8022,0.6689,visual,2.82,0.2415,train
S0709,0.6333,0.6364,analytical,2.4,0.2649,val
S0710,0.6142,0.4858,analytical,2.03,0.3033,train
S0711,0.7507,0.5576,visual,2.65,0.3869,train
S0712,0.779,0.5949,hands_on,2.79,0.3626,train
S0713,0.5523,0.3951,exploratory,2.02,0.4606,train
S0714,0.4834,0.5108,exploratory,1.88,0.5783,val
S0715,0.7486,0.4903,analytical,2.11,0.3654,val
S0716,0.7785,0.4674,visual,2.49,0.4656,train
S0717,0.7693,0.5025,hands_on,2.5,0.2711,train
S0718,0.4701,0.4996,visual,1.67,0.3973,train
S0719,0.6544,0.4856,hands_on,2.01,0.3659,train
S0720,0.321,0.3893,visual,1.4,0.5684,train
S0721,0.4571,0.4604,analytical,1.68,0.5992,train
S0722,0.7879,0.4938,hands_on,2.4,0.3667,train
S0723,0.8828,0.869,analytical,3.58,0.0709,train
S0724,0.7309,0.5471,visual,2.56,0.3458,train
S0725,0.6356,0.6243,visual,2.42,0.3188,train
S0726,0.5268,0.4883,visual,2.14,0.3989,train
S0727,0.4205,0.5628,hands_on,1.84,0.4711,train
S0728,0.8914,0.7697,analytical,2.97,0.1572,val
S0729,0.776,0.6483,hands_on,2.6,0.2178,train
S0730,0.4921,0.3138,visual,1.7,0.4952,val
S0731,0.6734,0.7171,visual,2.68,0.3594,train
S0732,0.4096,0.4021,visual,1.59,0.5886,val
S0733,0.6425,0.4337,analytical,1.84,0.5112,val
S0734,0.7534,0.6881,hands_on,2.85,0.2486,train
S0735,0.5974,0.5389,exploratory,2.11,0.3217,train
S0736,0.666,0.5858,exploratory,2.46,0.3108,val
S0737,0.4683,0.416,visual,1.49,0.6043,train
S0738,0.8492,0.7342,visual,3.36,0.0794,train
S0739,0.7872,0.503,analytical,2.54,0.455,train
S0740,0.6171,0.5513,exploratory,2.1,0.3054,test
S0741,0.6085,0.4189,hands_on,2.1,0.5201,val
S0742,0.8353,0.726,visual,3.1,0.1357,val
S0743,0.6959,0.7676,visual,2.81,0.2138,train
S0744,0.6131,0.5898,visual,2.03,0.2141,train
S0745,0.4027,0.3507,visual,1.64,0.7292,test
S0746,0.5956,0.6139,visual,2.16,0.4217,test
S0747,0.8189,0.5983,hands_on,2.7,0.3329,train
S0748,0.3253,0.3432,visual,0.79,0.5797,test
S0749,0.341,0.3945,visual,1.25,0.5146,train
S0750,0.5543,0.3553,analytical,1.66,0.5728,train
S0751,0.5675,0.6727,exploratory,2.35,0.2657,train
S0752,0.8218,0.5944,analytical,2.59,0.2693,test
S0753,0.5614,0.5688,hands_on,1.76,0.3114,train
S0754,0.6899,0.7352,exploratory,2.67,0.2886,train
S0755,0.7091,0.7191,visual,2.59,0.1239,test
S0756,0.7063,0.5141,exploratory,2.18,0.2524,val
S0757,0.7741,0.6019,visual,2.62,0.232,train
S0758,0.7143,0.5036,visual,1.97,0.4211,val
S0759,0.4044,0.5666,analytical,1.86,0.4405,train
S0760,0.5836,0.6626,exploratory,2.24,0.4379,train
S0761,0.8425,0.4973,analytical,2.55,0.4371,train
S0762,0.7943,0.7698,hands_on,3.09,0.1915,train
S0763,0.6242,0.4426,hands_on,1.93,0.3217,test
S0764,0.8027,0.6245,hands_on,2.75,0.355,val
S0765,0.5493,0.3615,exploratory,1.72,0.3868,test
S0766,0.6731,0.6018,exploratory,3.03,0.274,train
S0767,0.5637,0.4091,analytical,1.95,0.3462,val
S0768,0.8135,0.5565,visual,2.4,0.3806,test
S0769,0.6091,0.5541,exploratory,2.52,0.4423,train
S0770,0.6933,0.3998,hands_on,2.33,0.5576,train
S0771,0.4075,0.5113,visual,1.67,0.4712,train
S0772,0.7983,0.4061,hands_on,2.28,0.3121,test
S0773,0.5523,0.452,hands_on,1.63,0.4261,test
S0774,0.6067,0.5967,visual,2.32,0.2719,val
S0775,0.7229,0.6831,visual,2.48,0.4016,train
S0776,0.8343,0.571,hands_on,2.52,0.5578,train
S0777,0.6434,0.4326,hands_on,2.22,0.3779,train
S0778,0.5624,0.5269,hands_on,2.34,0.4772,train
S0779,0.6595,0.6259,visual,2.29,0.3291,train
S0780,0.7506,0.6268,visual,2.75,0.3355,train
S0781,0.7659,0.5926,analytical,2.62,0.3934,train
S0782,0.7532,0.7303,analytical,2.82,0.161,val
S0783,0.5522,0.4768,hands_on,1.77,0.4187,train
S0784,0.803,0.6012,analytical,2.63,0.3843,train
S0785,0.7467,0.5641,exploratory,2.27,0.3709,train
S0786,0.7154,0.6384,visual,2.29,0.337,train
S0787,0.6996,0.5552,visual,2.48,0.3961,train
S0788,0.7135,0.748,analytical,2.59,0.311,train
S0789,0.723,0.7226,exploratory,2.49,0.3621,train
S0790,0.6743,0.5665,analytical,2.09,0.422,train
S0791,0.3904,0.2851,analytical,0.98,0.612,train
S0792,0.3647,0.5796,hands_on,1.28,0.5233,train
S0793,0.7418,0.6642,visual,2.65,0.2819,train
S0794,0.4085,0.3105,visual,0.84,0.5367,val
S0795,0.5988,0.6262,visual,2.35,0.3646,train
S0796,0.7438,0.4105,visual,2.35,0.3914,train
S0797,0.7568,0.4557,hands_on,2.33,0.2385,train
S0798,0.689,0.5328,visual,2.33,0.4322,train
S0799,0.6307,0.8012,visual,2.53,0.3512,train
S0800,0.5257,0.4366,hands_on,1.86,0.5305,train
S0801,0.9397,0.8089,hands_on,3.32,0.2039,val
S0802,0.7135,0.7294,hands_on,2.92,0.2566,train
S0803,0.8874,0.5601,hands_on,3.1,0.2275,train
S0804,0.8629,0.6944,exploratory,3.24,0.2952,train
S0805,0.6592,0.7016,analytical,2.34,0.2229,train
S0806,0.7421,0.6682,visual,2.79,0.1979,train
S0807,0.2824,0.2747,visual,1.13,0.7051,val
S0808,0.9745,0.5263,analytical,2.8,0.2783,test
S0809,0.7851,0.38,hands_on,2.12,0.4701,train
S0810,0.6743,0.5528,analytical,2.24,0.231,train
S0811,0.7261,0.6712,visual,2.39,0.2834,train
S0812,0.5822,0.3875,analytical,1.58,0.3932,train
S0813,0.5813,0.5704,analytical,2.23,0.4702,train
S0814,0.7778,0.8112,exploratory,2.93,0.3116,train
S0815,0.7735,0.575,visual,2.57,0.3536,train
S0816,0.6461,0.4817,analytical,2.33,0.3679,train
S0817,0.5418,0.5547,analytical,1.98,0.3667,train
S0818,0.7195,0.6513,analytical,2.73,0.2702,val
S0819,0.6174,0.4384,visual,1.87,0.3776,train
S0820,0.8276,0.5241,analytical,2.46,0.299,train
S0821,0.474,0.6046,visual,1.95,0.3746,train
S0822,0.4917,0.3819,visual,2.08,0.4163,train
S0823,0.569,0.5533,exploratory,2.34,0.4454,test
S0824,0.4808,0.6381,visual,2.23,0.4531,train
S0825,0.1237,0.2424,exploratory,0.36,0.8912,train
S0826,0.8242,0.5807,exploratory,2.71,0.2531,val
S0827,0.6571,0.4948,visual,2.35,0.2504,train
S0828,0.5844,0.4809,exploratory,2.42,0.5058,val
S0829,0.4544,0.4876,analytical,1.39,0.5703,train
S0830,0.8542,0.5587,visual,2.86,0.3756,test
S0831,0.504,0.5591,exploratory,2.16,0.5593,train
S0832,0.5726,0.5868,hands_on,2.23,0.5171,train
S0833,0.5579,0.4957,hands_on,1.7,0.3677,test
S0834,0.6828,0.4713,visual,2.26,0.5245,train
S0835,0.4486,0.5856,hands_on,1.95,0.4284,test
S0836,0.8137,0.6323,visual,2.77,0.3331,train
S0837,0.598,0.3789,analytical,1.75,0.5011,train
S0838,0.8773,0.5281,exploratory,2.56,0.2098,val
S0839,0.5979,0.5246,hands_on,2.19,0.5077,train
S0840,0.7394,0.5239,hands_on,2.28,0.315,train
S0841,0.4499,0.3824,hands_on,1.43,0.6942,train
S0842,0.8174,0.5881,hands_on,2.65,0.2265,train
S0843,0.8928,0.5471,hands_on,2.82,0.1917,train
S0844,0.1393,0.3702,hands_on,1.07,0.6377,train
S0845,0.8556,0.596,visual,2.54,0.3864,train
S0846,0.5646,0.5481,visual,1.81,0.2939,train
S0847,0.9473,0.6808,exploratory,3.03,0.2604,train
S0848,0.5504,0.5867,analytical,1.73,0.5549,test
S0849,0.8047,0.654,visual,2.87,0.25,train
S0850,0.6995,0.6117,visual,2.06,0.2985,train
S0851,0.5061,0.5121,visual,2.02,0.4682,train
S0852,0.7998,0.6452,analytical,2.95,0.18,val
S0853,0.3323,0.4817,analytical,1.51,0.7656,train
S0854,0.7269,0.6025,exploratory,2.13,0.3754,train
S0855,0.6055,0.7319,analytical,2.45,0.2205,train
S0856,0.8043,0.6017,hands_on,2.51,0.2227,train
S0857,0.6388,0.3731,analytical,1.72,0.479,train
S0858,0.6776,0.4892,visual,2.34,0.2914,train
S0859,0.6884,0.5969,visual,2.56,0.2213,test
S0860,0.5369,0.5186,exploratory,2.22,0.4685,train
S0861,0.677,0.5435,hands_on,2.25,0.4513,train
S0862,0.9024,0.5043,exploratory,2.78,0.3602,val
S0863,0.6646,0.5963,hands_on,2.69,0.3478,test
S0864,0.5423,0.3739,exploratory,2.17,0.4858,train
S0865,0.7834,0.7454,visual,3.06,0.2361,train
S0866,0.5152,0.4477,visual,1.74,0.5661,test
S0867,0.8741,0.6875,analytical,2.96,0.1167,val
S0868,0.8356,0.5735,analytical,2.66,0.2237,test
S0869,0.5489,0.3211,analytical,1.83,0.4983,train
S0870,0.523,0.4008,exploratory,1.59,0.4849,test
S0871,0.7222,0.5608,exploratory,2.49,0.3383,val
S0872,0.8665,0.4784,exploratory,2.69,0.3128,test
S0873,0.7632,0.7773,visual,2.92,0.2807,val
S0874,0.6264,0.5413,visual,1.99,0.2535,train
S0875,0.618,0.5251,visual,2.2,0.2775,test
S0876,0.6211,0.6498,analytical,2.7,0.2949,train
S0877,0.6758,0.5415,visual,2.21,0.4413,train
S0878,0.5693,0.5837,analytical,2.18,0.349,train
S0879,0.9434,0.5265,hands_on,2.5,0.2553,train
S0880,0.778,0.704,exploratory,2.82,0.2633,train
S0881,0.7323,0.4671,visual,2.36,0.4056,train
S0882,0.8277,0.5963,visual,2.74,0.4043,val
S0883,0.4192,0.477,analytical,1.78,0.5723,train
S0884,0.7858,0.719,visual,2.75,0.3226,train
S0885,0.83,0.66,visual,3.05,0.2394,train
S0886,0.4121,0.4576,visual,1.42,0.6465,train
S0887,0.8256,0.7336,visual,3.21,0.2241,train
S0888,0.776,0.4852,visual,2.48,0.196,val
S0889,0.6094,0.4853,exploratory,2.05,0.6241,train
S0890,0.5396,0.6228,hands_on,1.83,0.4006,train
S0891,0.463,0.5262,exploratory,1.59,0.5173,val
S0892,0.3586,0.4367,visual,1.51,0.4767,train
S0893,0.802,0.675,analytical,2.63,0.4311,val
S0894,0.4311,0.378,analytical,1.71,0.4925,train
S0895,0.4707,0.4407,visual,1.75,0.479,val
S0896,0.9192,0.5851,hands_on,2.61,0.1208,train
S0897,0.737,0.6372,visual,2.73,0.3308,train
S0898,0.6731,0.4868,analytical,2.18,0.3755,test
S0899,0.6531,0.6822,exploratory,2.45,0.1956,train
S0900,0.7951,0.8385,analytical,3.22,0.1794,val
S0901,0.5437,0.4548,visual,1.6,0.4783,train
S0902,0.6844,0.5837,hands_on,2.16,0.3296,train
S0903,0.4509,0.5234,visual,1.84,0.3359,train
S0904,0.9015,0.7081,hands_on,2.71,0.2189,train
S0905,0.6802,0.5759,hands_on,2.24,0.2533,train
S0906,0.4628,0.4882,visual,1.95,0.5632,train
S0907,0.6172,0.643,exploratory,2.3,0.3085,train
S0908,0.7724,0.6729,hands_on,2.43,0.3438,val
S0909,0.589,0.6793,analytical,2.35,0.3504,train
S0910,0.5495,0.6172,visual,2.05,0.4002,test
S0911,0.7698,0.6098,analytical,2.47,0.4013,train
S0912,0.5863,0.4298,analytical,2.65,0.3976,test
S0913,0.8172,0.5806,analytical,2.78,0.2033,train
S0914,0.6193,0.5851,analytical,2.18,0.4224,test
S0915,0.7688,0.5145,analytical,2.64,0.2374,train
S0916,0.8488,0.6267,exploratory,2.75,0.1921,train
S0917,0.8316,0.8156,visual,2.95,0.0525,train
S0918,0.4159,0.7032,exploratory,2.03,0.5086,train
S0919,0.7107,0.6256,exploratory,2.6,0.2384,train
S0920,0.8691,0.481,analytical,2.82,0.2601,train
S0921,0.7941,0.7196,hands_on,3.11,0.1356,train
S0922,0.6087,0.3785,visual,2.14,0.4449,train
S0923,0.7826,0.6354,exploratory,2.85,0.2705,test
S0924,0.8902,0.6916,analytical,3.19,0.2743,val
S0925,0.7696,0.6721,visual,2.94,0.1655,test
S0926,0.7792,0.764,hands_on,3.0,0.1775,train
S0927,0.68,0.4309,hands_on,1.83,0.5339,val
S0928,0.3855,0.4686,visual,1.65,0.6189,train
S0929,0.7079,0.4814,visual,2.55,0.3306,train
S0930,0.4856,0.306,hands_on,1.37,0.5598,train
S0931,0.7354,0.6796,analytical,2.56,0.4407,train
S0932,0.3476,0.6257,visual,1.69,0.3865,train
S0933,0.3969,0.5044,hands_on,1.67,0.3607,train
S0934,0.6284,0.6061,analytical,2.18,0.3216,train
S0935,0.5925,0.7237,analytical,2.4,0.321,train
S0936,0.8075,0.4034,analytical,2.48,0.3109,train
S0937,0.7753,0.6567,hands_on,2.29,0.3538,val
S0938,0.6362,0.5309,analytical,2.21,0.4116,train
S0939,0.5495,0.5552,visual,1.97,0.3745,train
S0940,0.6593,0.5638,exploratory,1.95,0.3265,train
S0941,0.5557,0.5021,exploratory,2.09,0.3843,train
S0942,0.7474,0.5307,visual,2.5,0.4112,test
S0943,0.6839,0.3655,hands_on,2.09,0.41,train
S0944,0.8021,0.4798,visual,2.61,0.2477,train
S0945,0.7006,0.4974,analytical,2.35,0.4579,train
S0946,0.6392,0.5689,hands_on,2.11,0.3543,train
S0947,0.4972,0.4479,exploratory,1.91,0.3859,test
S0948,0.8481,0.5298,visual,2.84,0.437,train
S0949,0.6704,0.4326,visual,1.91,0.4725,train
S0950,0.7098,0.5684,analytical,2.59,0.3485,train
S0951,0.8615,0.5858,analytical,2.72,0.2518,train
S0952,0.6736,0.4922,analytical,2.34,0.373,val
S0953,0.8037,0.6708,visual,2.8,0.2324,train
S0954,0.5131,0.3956,visual,1.69,0.4892,train
S0955,0.6448,0.6007,hands_on,2.43,0.3123,train
S0956,0.7042,0.6692,hands_on,2.49,0.2937,val
S0957,0.4957,0.4995,visual,2.06,0.4234,train
S0958,0.8654,0.4895,exploratory,2.89,0.3282,train
S0959,0.6473,0.5277,hands_on,2.11,0.3894,train
S0960,0.7835,0.6077,visual,2.6,0.2379,train
S0961,0.6153,0.5705,hands_on,2.13,0.3795,train
S0962,0.9339,0.529,exploratory,2.92,0.3051,train
S0963,0.798,0.7012,exploratory,3.07,0.0649,train
S0964,0.2829,0.5532,hands_on,1.12,0.59,train
S0965,0.7729,0.4642,hands_on,2.11,0.2652,train
S0966,0.5396,0.4034,visual,1.78,0.4589,train
S0967,0.6046,0.4849,analytical,2.09,0.2033,train
S0968,0.3723,0.3244,analytical,1.12,0.6518,train
S0969,0.2221,0.236,exploratory,0.88,0.6546,train
S0970,0.7975,0.7041,visual,2.66,0.2043,train
S0971,0.4291,0.3254,hands_on,1.34,0.5878,train
S0972,0.7427,0.744,exploratory,3.0,0.0933,train
S0973,0.5402,0.384,analytical,1.7,0.5091,test
S0974,0.8112,0.6937,analytical,2.75,0.2946,test
S0975,0.5896,0.3381,analytical,1.83,0.5165,train
S0976,0.5967,0.5149,visual,2.3,0.3883,train
S0977,0.466,0.5785,analytical,1.88,0.4533,train
S0978,0.4672,0.4335,exploratory,1.57,0.5087,train
S0979,0.7864,0.4766,analytical,2.56,0.4123,train
S0980,0.6123,0.4013,hands_on,2.11,0.5643,train
S0981,0.4406,0.376,hands_on,1.76,0.5197,train
S0982,0.8336,0.7905,hands_on,3.01,0.2077,train
S0983,0.7965,0.8004,visual,3.05,0.148,val
S0984,0.5231,0.425,hands_on,1.95,0.5267,test
S0985,0.3855,0.3784,analytical,1.45,0.613,train
S0986,0.4904,0.4226,visual,1.98,0.4958,test
S0987,0.6042,0.5511,visual,2.29,0.4417,train
S0988,0.8135,0.6949,visual,3.21,0.2415,train
S0989,0.5837,0.732,hands_on,2.57,0.3241,train
S0990,0.9505,0.6265,analytical,2.65,0.1399,train
S0991,0.5439,0.5844,visual,1.99,0.426,train
S0992,0.617,0.53,visual,1.83,0.3576,train
S0993,0.4136,0.4798,analytical,1.5,0.5875,train
S0994,0.6098,0.4447,analytical,1.93,0.378,train
S0995,0.7699,0.5823,visual,2.74,0.333,train
S0996,0.8822,0.7166,analytical,2.93,0.1797,train
S0997,0.7748,0.6603,exploratory,2.97,0.2955,test
S0998,0.2745,0.4678,analytical,1.17,0.5813,train
S0999,0.4723,0.5432,hands_on,1.8,0.3976,test
S1000,0.3132,0.3983,analytical,1.04,0.6873,val
S1001,0.4449,0.6884,visual,2.3,0.3391,train
S1002,0.4184,0.5859,visual,2.12,0.5195,train
S1003,0.6099,0.5671,hands_on,2.17,0.2545,train
S1004,0.6887,0.5725,hands_on,2.08,0.3294,train
S1005,0.3552,0.4793,analytical,1.46,0.6668,val
S1006,0.7465,0.5867,exploratory,2.57,0.298,train
S1007,0.7315,0.6136,visual,2.4,0.3225,train
S1008,0.5533,0.5948,hands_on,2.58,0.5316,train
S1009,0.8257,0.6364,hands_on,3.14,0.2506,val
S1010,0.804,0.6426,analytical,2.38,0.2897,test
S1011,0.4343,0.5877,exploratory,1.61,0.5085,train
S1012,0.772,0.4809,exploratory,2.51,0.2458,train
S1013,0.5986,0.4968,exploratory,1.85,0.3882,test
S1014,0.7504,0.5777,analytical,2.55,0.3327,train
S1015,0.7402,0.7441,exploratory,2.75,0.1244,train
S1016,0.7344,0.5871,visual,2.49,0.4349,test
S1017,0.3891,0.4023,analytical,1.66,0.6244,train
S1018,0.5231,0.4432,exploratory,2.18,0.5338,train
S1019,0.5365,0.4788,exploratory,1.98,0.5687,test
S1020,0.4069,0.5497,analytical,1.48,0.5474,train
S1021,0.389,0.3793,analytical,1.45,0.5559,train
S1022,0.5001,0.5378,analytical,1.79,0.3223,test
S1023,0.535,0.6727,analytical,2.58,0.322,train
S1024,0.7268,0.6124,visual,2.66,0.2652,train
S1025,0.485,0.4568,hands_on,1.83,0.5457,val
S1026,0.6018,0.4321,exploratory,2.1,0.4612,train
S1027,0.4625,0.555,hands_on,1.84,0.3369,train
S1028,0.5914,0.5802,analytical,2.42,0.462,val
S1029,0.5643,0.3829,analytical,1.7,0.6001,train
S1030,0.7998,0.4219,exploratory,2.58,0.4883,train
S1031,0.5299,0.5557,analytical,2.32,0.3411,train
S1032,0.7779,0.603,visual,2.45,0.3243,train
S1033,0.6106,0.6466,exploratory,2.38,0.2738,train
S1034,0.6012,0.4069,exploratory,2.02,0.6215,train
S1035,0.1032,0.5311,hands_on,0.81,0.637,train
S1036,0.6319,0.5508,visual,1.94,0.3582,train
S1037,0.7401,0.6215,analytical,2.38,0.263,test
S1038,0.547,0.6294,exploratory,2.14,0.4173,train
S1039,0.8158,0.7486,analytical,3.0,0.2573,test
S1040,0.7274,0.5526,hands_on,2.36,0.2121,train
S1041,0.7939,0.6893,visual,3.17,0.3643,test
S1042,0.4764,0.4657,hands_on,1.95,0.5337,train
S1043,0.6465,0.447,hands_on,2.18,0.539,test
S1044,0.3152,0.4935,analytical,1.35,0.6929,train
S1045,0.5201,0.4719,visual,1.87,0.4657,test
S1046,0.7986,0.5493,analytical,2.8,0.382,train
S1047,0.3922,0.3851,analytical,1.62,0.5242,train
S1048,0.668,0.6201,analytical,2.58,0.303,val
S1049,0.4235,0.4568,hands_on,1.56,0.6496,train
S1050,0.3458,0.4235,analytical,1.29,0.5147,train
S1051,0.7706,0.5498,hands_on,2.23,0.3415,test
S1052,0.6636,0.4381,visual,2.22,0.3516,train
S1053,0.3377,0.5268,visual,1.23,0.4786,train
S1054,0.3669,0.4486,analytical,1.48,0.5126,test
S1055,0.6674,0.6211,visual,2.32,0.456,train
S1056,0.7549,0.6504,hands_on,2.68,0.3287,train
S1057,0.4837,0.6622,visual,2.29,0.4717,val
S1058,0.7471,0.588,visual,2.8,0.1747,train
S1059,0.6834,0.4762,visual,2.36,0.4009,train
S1060,0.5879,0.5441,analytical,1.96,0.38,train
S1061,0.7355,0.4031,exploratory,2.22,0.447,train
S1062,0.4541,0.4916,analytical,1.56,0.687,train
S1063,0.596,0.6119,exploratory,2.1,0.1852,val
S1064,0.5188,0.4154,analytical,1.86,0.5316,train
S1065,0.6115,0.6834,hands_on,2.18,0.5137,test
S1066,0.5518,0.375,exploratory,1.69,0.4621,test
S1067,0.3986,0.4997,exploratory,1.41,0.5278,test
S1068,0.686,0.5591,hands_on,2.48,0.4139,val
S1069,0.8843,0.8458,analytical,3.14,0.0,train
S1070,0.7026,0.5638,exploratory,1.95,0.3714,train
S1071,0.6749,0.4482,analytical,2.48,0.3511,val
S1072,0.6805,0.693,analytical,2.74,0.4657,train
S1073,0.8217,0.6881,visual,2.44,0.224,train
S1074,0.867,0.7593,exploratory,3.19,0.1313,train
S1075,0.6176,0.6138,visual,2.58,0.4336,train
S1076,0.5809,0.4809,exploratory,1.96,0.4813,train
S1077,0.6663,0.4575,exploratory,2.18,0.486,train
S1078,0.458,0.4657,analytical,1.64,0.6572,train
S1079,0.4354,0.3513,visual,1.59,0.5192,train
S1080,0.7464,0.7068,visual,2.91,0.4036,val
S1081,0.6952,0.7704,visual,2.45,0.4106,train
S1082,0.4682,0.5874,hands_on,1.77,0.3835,val
S1083,0.5392,0.5491,analytical,2.03,0.3765,test
S1084,0.3587,0.4824,analytical,1.57,0.5452,train
S1085,0.6288,0.5785,exploratory,2.33,0.3607,train
S1086,0.4536,0.4922,analytical,1.7,0.6311,train
S1087,0.6765,0.4488,hands_on,1.99,0.3445,train
S1088,0.5917,0.4819,visual,2.22,0.4564,train
S1089,0.8071,0.6442,visual,2.5,0.2057,train
S1090,0.7872,0.437,analytical,2.29,0.3778,train
S1091,0.8266,0.6496,exploratory,2.8,0.427,train
S1092,0.55,0.3593,exploratory,1.85,0.6567,train
S1093,0.7651,0.7416,hands_on,2.74,0.2723,val
S1094,0.6568,0.5435,hands_on,2.41,0.4303,train
S1095,0.669,0.7264,analytical,2.81,0.3298,train
S1096,0.5102,0.6309,visual,1.94,0.3822,train
S1097,0.5887,0.5359,analytical,2.18,0.5673,train
S1098,0.7126,0.5089,hands_on,2.38,0.4759,train
S1099,0.907,0.6155,visual,2.85,0.2536,train
S1100,0.6335,0.5106,exploratory,1.78,0.3878,train
S1101,0.794,0.703,hands_on,2.87,0.2342,train
S1102,0.6633,0.5966,exploratory,2.45,0.3802,train
S1103,0.716,0.7747,exploratory,2.95,0.2464,test
S1104,0.5362,0.5429,hands_on,1.93,0.5256,test
S1105,0.5124,0.275,analytical,1.41,0.604,train
S1106,0.6616,0.7375,exploratory,2.38,0.2141,train
S1107,0.6601,0.6602,visual,1.84,0.2342,train
S1108,0.5022,0.5815,exploratory,1.9,0.5116,train
S1109,0.566,0.603,exploratory,2.7,0.3014,val
S1110,0.9113,0.6232,visual,3.19,0.2016,train
S1111,0.8648,0.7229,analytical,2.79,0.1704,train
S1112,0.2771,0.3432,hands_on,1.02,0.5418,train
S1113,0.3523,0.2237,analytical,1.01,0.6856,train
S1114,0.402,0.4384,analytical,1.82,0.5319,val
S1115,0.7359,0.5534,hands_on,2.89,0.2888,train
S1116,0.5724,0.5303,hands_on,2.07,0.5906,test
S1117,0.3435,0.4758,hands_on,1.52,0.3569,train
S1118,0.49,0.4233,hands_on,1.82,0.44,val
S1119,0.4864,0.4719,analytical,1.77,0.4426,train
S1120,0.711,0.4921,analytical,2.36,0.2699,train
S1121,0.5901,0.5878,visual,2.19,0.5706,test
S1122,0.2901,0.4893,exploratory,1.47,0.7491,test
S1123,0.5836,0.615,analytical,1.81,0.3258,train
S1124,0.6827,0.4872,exploratory,2.14,0.495,train
S1125,0.929,0.5379,analytical,2.61,0.3076,train
S1126,0.7168,0.5203,analytical,2.5,0.4958,val
S1127,0.5541,0.5408,hands_on,1.87,0.4187,train
S1128,0.7736,0.6146,hands_on,2.31,0.3298,train
S1129,0.5694,0.4581,exploratory,1.58,0.5699,train
S1130,0.6567,0.4309,hands_on,2.18,0.5306,val
S1131,0.7124,0.6113,exploratory,2.3,0.3365,train
S1132,0.673,0.5742,exploratory,2.31,0.2833,train
S1133,0.6169,0.5939,analytical,2.56,0.3141,train
S1134,0.3468,0.6632,visual,1.83,0.3176,train
S1135,0.4594,0.4017,visual,1.51,0.5955,train
S1136,0.6535,0.5086,visual,1.97,0.414,test
S1137,0.3848,0.5396,hands_on,1.74,0.5272,test
S1138,0.2314,0.3672,hands_on,1.03,0.6486,train
S1139,0.4922,0.4108,exploratory,1.81,0.4222,val
S1140,0.7955,0.5392,visual,2.08,0.3444,train
S1141,0.6177,0.4168,hands_on,2.21,0.5029,train
S1142,0.4244,0.4716,hands_on,1.3,0.4474,val
S1143,0.7974,0.6354,hands_on,2.61,0.273,train
S1144,0.3647,0.5013,hands_on,1.83,0.4785,train
S1145,0.7558,0.6258,visual,2.15,0.281,train
S1146,0.6223,0.6909,analytical,2.39,0.2382,val
S1147,0.3351,0.3364,visual,1.19,0.5964,train
S1148,0.6305,0.4983,exploratory,2.13,0.5422,train
S1149,0.4806,0.4892,analytical,1.86,0.4434,train
S1150,0.5775,0.5552,hands_on,2.11,0.3558,train
S1151,0.6206,0.7322,analytical,2.2,0.2618,train
S1152,0.6569,0.549,visual,2.29,0.3621,train
S1153,0.7561,0.6948,hands_on,2.7,0.4105,test
S1154,0.5879,0.4885,hands_on,2.01,0.5481,train
S1155,0.9129,0.6895,visual,3.46,0.1875,test
S1156,0.5413,0.5422,hands_on,2.27,0.381,train
S1157,0.7494,0.7481,hands_on,3.14,0.1052,test
S1158,0.7506,0.6695,exploratory,2.72,0.2081,test
S1159,0.5708,0.5086,analytical,2.38,0.2763,train
S1160,0.4755,0.5246,visual,1.66,0.5292,train
S1161,0.8109,0.6384,hands_on,2.67,0.3747,train
S1162,0.7282,0.5342,hands_on,2.29,0.3219,train
S1163,0.5922,0.4759,hands_on,1.92,0.4701,train
S1164,0.5574,0.51,analytical,2.0,0.3525,test
S1165,0.6508,0.5741,hands_on,2.33,0.2136,test
S1166,0.7287,0.6319,visual,2.64,0.3122,train
S1167,0.5738,0.3753,exploratory,2.17,0.5236,val
S1168,0.7309,0.725,analytical,2.39,0.4012,train
S1169,0.8988,0.7149,hands_on,2.81,0.3589,train
S1170,0.1621,0.2813,exploratory,0.29,0.6982,train
S1171,0.8062,0.6316,visual,2.55,0.346,test
S1172,0.7351,0.5669,visual,2.38,0.3593,train
S1173,0.9678,0.8497,visual,3.26,0.1023,val
S1174,0.6873,0.4488,hands_on,1.96,0.4057,train
S1175,0.9121,0.7107,analytical,3.09,0.1781,train
S1176,0.5639,0.5884,hands_on,2.05,0.3933,test
S1177,0.8356,0.7382,visual,2.77,0.3443,train
S1178,0.8893,0.4611,visual,2.68,0.3295,train
S1179,0.4776,0.5943,hands_on,1.83,0.577,val
S1180,0.7452,0.6148,exploratory,2.79,0.2361,val
S1181,0.2678,0.3009,hands_on,1.01,0.4375,train
S1182,0.636,0.4742,hands_on,2.04,0.3834,train
S1183,0.7712,0.6365,exploratory,2.7,0.2197,test
S1184,0.4684,0.5035,visual,1.38,0.3632,train
S1185,0.5098,0.5111,visual,2.13,0.5646,train
S1186,0.6261,0.6236,visual,2.47,0.2507,test
S1187,0.7429,0.6469,visual,2.45,0.3412,train
S1188,0.422,0.611,visual,1.62,0.6163,train
S1189,0.5618,0.5212,hands_on,1.82,0.3407,train
S1190,0.3864,0.5774,analytical,1.43,0.4678,train
S1191,0.8703,0.5547,exploratory,2.41,0.387,train
S1192,0.6351,0.4625,exploratory,1.8,0.3928,train
S1193,0.5216,0.4354,analytical,1.27,0.516,train
S1194,0.7813,0.7366,visual,2.75,0.2881,train
S1195,0.5861,0.4378,analytical,1.92,0.4731,train
S1196,0.8079,0.5881,hands_on,2.92,0.256,train
S1197,0.4504,0.2764,hands_on,1.6,0.5305,train
S1198,0.6051,0.5232,hands_on,1.97,0.3247,val
S1199,0.6971,0.5499,visual,2.31,0.4066,train
S1200,0.7827,0.4075,analytical,2.55,0.3317,train
S1201,0.7013,0.6471,visual,2.42,0.4089,train
S1202,0.47,0.5522,hands_on,1.9,0.5872,train
S1203,0.7108,0.5745,hands_on,2.3,0.2491,train
S1204,0.4335,0.3233,visual,1.45,0.6385,train
S1205,0.5995,0.588,visual,2.22,0.5503,train
S1206,0.6363,0.5834,visual,2.21,0.3027,train
S1207,0.4243,0.4765,visual,1.86,0.6107,train
S1208,0.8682,0.7407,analytical,2.85,0.2409,train
S1209,0.3554,0.3806,hands_on,1.38,0.6656,train
S1210,0.7368,0.5726,visual,2.84,0.2703,train
S1211,0.7911,0.662,exploratory,2.8,0.4185,train
S1212,0.5851,0.5793,analytical,2.0,0.3424,val
S1213,0.63,0.5452,visual,2.27,0.4424,train
S1214,0.6669,0.6655,visual,2.95,0.3154,train
S1215,0.8034,0.4242,analytical,2.41,0.4105,val
S1216,0.8691,0.8482,visual,3.34,0.0685,train
S1217,0.4356,0.6572,hands_on,1.95,0.33,val
S1218,0.9443,0.7621,visual,3.28,0.1751,train
S1219,0.7836,0.6656,analytical,2.71,0.2385,train
S1220,0.7383,0.6154,analytical,2.34,0.2787,train
S1221,0.5691,0.4206,analytical,1.96,0.5182,train
S1222,0.6517,0.6697,hands_on,2.19,0.2058,train
S1223,0.7134,0.4944,hands_on,2.25,0.4731,train
S1224,0.3725,0.3361,visual,1.71,0.6107,train
S1225,0.6643,0.7448,analytical,2.56,0.3469,train
S1226,0.7496,0.4565,analytical,2.15,0.4194,train
S1227,0.6488,0.4654,hands_on,2.17,0.4652,train
S1228,0.8416,0.6671,exploratory,2.74,0.1452,train
S1229,0.2578,0.3442,visual,1.11,0.7423,train
S1230,0.9004,0.7448,hands_on,2.86,0.2015,val
S1231,0.6367,0.5,exploratory,2.31,0.3705,test
S1232,0.7833,0.5215,hands_on,2.53,0.3228,test
S1233,0.805,0.4833,hands_on,2.3,0.3692,train
S1234,0.4734,0.5636,visual,1.96,0.4678,train
S1235,0.5265,0.6566,analytical,2.53,0.4354,train
S1236,0.6022,0.6107,analytical,2.08,0.5064,val
S1237,0.5003,0.6375,analytical,2.21,0.3251,val
S1238,0.4936,0.2883,exploratory,1.6,0.6282,val
S1239,0.7054,0.6129,hands_on,2.55,0.3182,train
S1240,0.7158,0.5724,visual,2.61,0.4317,train
S1241,0.3449,0.5567,analytical,1.54,0.6444,val
S1242,0.526,0.7664,exploratory,2.34,0.3541,train
S1243,0.7476,0.447,exploratory,2.33,0.4321,train
S1244,0.6646,0.6116,exploratory,2.21,0.443,val
S1245,0.5018,0.6501,analytical,2.17,0.4815,train
S1246,0.6521,0.3504,visual,1.89,0.5694,train
S1247,0.4768,0.3854,visual,1.99,0.5081,train
S1248,0.4448,0.6013,exploratory,1.78,0.4079,train
S1249,0.8488,0.8133,analytical,2.82,0.0812,val
S1250,0.7549,0.4331,exploratory,2.53,0.3698,train
S1251,0.8006,0.7044,hands_on,2.67,0.2361,train
S1252,0.5122,0.4498,hands_on,1.56,0.4756,train
S1253,0.6461,0.4795,exploratory,2.22,0.4529,train
S1254,0.4979,0.5804,exploratory,2.23,0.4763,val
S1255,0.5829,0.3874,exploratory,2.01,0.4781,train
S1256,0.575,0.4174,visual,1.78,0.5012,test
S1257,0.7133,0.5859,analytical,2.47,0.4015,train
S1258,0.5505,0.5385,exploratory,1.96,0.366,val
S1259,0.4745,0.648,analytical,2.35,0.4895,train
S1260,0.6051,0.4846,visual,1.97,0.3807,test
S1261,0.592,0.4306,hands_on,1.97,0.5749,train
S1262,0.7465,0.5446,analytical,2.49,0.3523,val
S1263,0.5003,0.4418,visual,1.53,0.5012,train
S1264,0.4254,0.5617,hands_on,1.74,0.3326,train
S1265,0.5953,0.5462,hands_on,2.09,0.459,train
S1266,0.908,0.5463,analytical,3.09,0.2732,train
S1267,0.5127,0.5491,visual,1.99,0.4561,train
S1268,0.6404,0.4448,visual,2.0,0.4242,test
S1269,0.4897,0.5556,analytical,1.88,0.4996,train
S1270,0.6823,0.3702,exploratory,2.04,0.5124,val
S1271,0.8117,0.7543,visual,2.91,0.254,test
S1272,0.8371,0.5446,visual,2.84,0.4036,train
S1273,0.8578,0.7322,analytical,3.18,0.147,train
S1274,0.7609,0.6871,visual,2.51,0.221,test
S1275,0.6128,0.4598,exploratory,2.25,0.4699,val
S1276,0.5817,0.5762,hands_on,2.29,0.4519,train
S1277,0.581,0.6075,analytical,2.18,0.4265,test
S1278,0.6892,0.546,analytical,2.04,0.2612,train
S1279,0.5456,0.6401,exploratory,2.2,0.2902,test
S1280,0.7961,0.5953,visual,2.57,0.2791,val
S1281,0.4246,0.3347,analytical,1.55,0.4352,val
S1282,0.38,0.3547,hands_on,1.5,0.6103,val
S1283,0.7756,0.5623,analytical,2.81,0.312,train
S1284,0.8483,0.5274,hands_on,2.45,0.2278,val
S1285,0.659,0.4236,exploratory,2.51,0.3887,train
S1286,0.6763,0.4964,visual,2.41,0.4011,train
S1287,0.8166,0.6781,exploratory,2.96,0.1279,train
S1288,0.6859,0.6163,hands_on,2.82,0.2857,test
S1289,0.6496,0.4875,hands_on,2.22,0.3872,train
S1290,0.4204,0.3507,visual,1.66,0.549,train
S1291,0.6726,0.4899,visual,2.25,0.3752,train
S1292,0.5231,0.5226,visual,2.1,0.5581,train
S1293,0.8605,0.5274,hands_on,2.92,0.3713,train
S1294,0.4266,0.4397,analytical,1.81,0.4787,test
S1295,0.4638,0.4854,hands_on,1.45,0.4099,train
S1296,0.5203,0.5239,exploratory,1.85,0.417,train
S1297,0.444,0.4784,visual,1.93,0.6031,train
S1298,0.7699,0.7601,exploratory,2.93,0.0613,test
S1299,0.6432,0.6873,hands_on,2.44,0.328,test
S1300,0.3473,0.6677,analytical,1.87,0.4386,train
S1301,0.8872,0.537,analytical,2.54,0.375,train
S1302,0.8178,0.5196,hands_on,2.74,0.3966,test
S1303,0.5631,0.5317,analytical,2.11,0.3099,train
S1304,0.6955,0.4669,visual,2.25,0.4926,test
S1305,0.8369,0.6533,exploratory,2.79,0.0627,train
S1306,0.6928,0.5265,visual,2.36,0.4203,train
S1307,0.5929,0.3559,hands_on,1.78,0.5492,train
S1308,0.6602,0.6264,visual,2.33,0.4758,test
S1309,0.5235,0.667,exploratory,2.51,0.4025,train
S1310,0.752,0.5629,hands_on,2.18,0.2751,test
S1311,0.71,0.5901,analytical,2.13,0.2543,val
S1312,0.7303,0.6053,hands_on,2.67,0.4358,train
S1313,0.4804,0.5153,visual,1.59,0.6077,train
S1314,0.6503,0.6842,exploratory,2.06,0.2836,test
S1315,0.7008,0.6159,analytical,2.67,0.3292,train
S1316,0.6919,0.8047,analytical,2.98,0.3556,test
S1317,0.6821,0.6389,exploratory,2.2,0.3871,val
S1318,0.7253,0.4538,analytical,1.92,0.3745,train
S1319,0.4956,0.4777,analytical,1.56,0.4213,train
S1320,0.5388,0.4181,visual,1.67,0.4221,test
S1321,0.537,0.7498,visual,2.69,0.4172,train
S1322,0.6228,0.5349,visual,2.09,0.3697,train
S1323,0.8027,0.7537,hands_on,3.06,0.1871,train
S1324,0.5172,0.4144,hands_on,1.9,0.5497,train
S1325,0.6701,0.5626,analytical,2.58,0.3718,test
S1326,0.5314,0.4546,hands_on,1.73,0.5075,train
S1327,0.4557,0.5296,exploratory,1.79,0.4507,test
S1328,0.6523,0.6466,exploratory,2.36,0.3063,train
S1329,0.4777,0.5387,visual,1.97,0.4038,train
S1330,0.6341,0.6824,visual,2.66,0.3843,train
S1331,0.6969,0.6504,hands_on,2.94,0.3205,train
S1332,0.4725,0.4659,exploratory,1.66,0.5212,train
S1333,0.6254,0.598,analytical,2.3,0.2879,val
S1334,0.86,0.54,hands_on,2.88,0.3456,train
S1335,0.377,0.4948,analytical,1.69,0.5527,train
S1336,0.5862,0.5654,hands_on,2.48,0.4602,train
S1337,0.9088,0.6221,exploratory,2.91,0.2587,train
S1338,0.6944,0.3688,exploratory,2.0,0.4644,test
S1339,0.8345,0.7608,visual,3.25,0.0565,train
S1340,0.8062,0.7625,visual,2.98,0.3051,train
S1341,0.8003,0.8024,visual,3.07,0.0932,train
S1342,0.7015,0.5146,hands_on,2.3,0.4557,val
S1343,0.7336,0.6169,exploratory,2.72,0.3064,train
S1344,0.5371,0.6212,visual,1.94,0.2702,train
S1345,0.5954,0.6628,exploratory,2.21,0.3469,train
S1346,0.8434,0.7821,visual,2.5,0.0685,val
S1347,0.8543,0.4893,analytical,2.49,0.404,test
S1348,0.6137,0.5316,analytical,2.33,0.3634,train
S1349,0.6983,0.5158,analytical,2.32,0.2903,train
S1350,0.5287,0.5905,hands_on,1.86,0.4692,val
S1351,0.721,0.4613,visual,2.56,0.3846,train
S1352,0.4192,0.3876,analytical,1.53,0.5986,train
S1353,0.5019,0.6162,visual,2.37,0.4078,val
S1354,0.6695,0.5061,visual,2.4,0.4835,val
S1355,0.6003,0.5353,visual,2.16,0.3769,train
S1356,0.7078,0.4325,exploratory,2.57,0.2808,train
S1357,0.6072,0.5082,exploratory,2.02,0.3305,train
S1358,0.2397,0.4202,exploratory,0.94,0.6579,val
S1359,0.8218,0.6731,hands_on,3.14,0.1947,test
S1360,0.622,0.4427,visual,2.15,0.5435,train
S1361,0.6042,0.5525,analytical,2.44,0.3058,test
S1362,0.8468,0.6633,hands_on,3.03,0.3219,train
S1363,0.7835,0.5812,hands_on,2.92,0.2712,train
S1364,0.8552,0.5718,exploratory,2.64,0.3825,train
S1365,0.6613,0.4388,visual,2.08,0.4654,test
S1366,0.5424,0.5637,visual,2.0,0.4377,train
S1367,0.8224,0.6602,hands_on,2.76,0.3059,train
S1368,0.6687,0.6701,visual,2.16,0.4157,train
S1369,0.5762,0.4636,visual,2.0,0.448,train
S1370,0.8828,0.7284,analytical,3.19,0.0448,train
S1371,0.4813,0.3323,hands_on,1.42,0.6499,train
S1372,0.5568,0.4207,hands_on,1.67,0.4584,train
S1373,0.6072,0.6266,exploratory,2.25,0.5696,train
S1374,0.7748,0.5546,analytical,2.69,0.2736,val
S1375,0.4717,0.5431,visual,1.64,0.4329,train
S1376,0.4055,0.6391,analytical,2.32,0.5095,test
S1377,0.6898,0.7117,exploratory,2.33,0.3502,train
S1378,0.6301,0.4794,visual,1.99,0.4545,train
S1379,0.445,0.4626,visual,1.9,0.4668,train
S1380,0.6667,0.7758,hands_on,2.82,0.1781,val
S1381,0.4315,0.3785,exploratory,1.69,0.5013,train
S1382,0.7102,0.6924,visual,2.46,0.1675,train
S1383,0.4669,0.475,hands_on,1.64,0.6612,test
S1384,0.7027,0.7756,exploratory,2.54,0.1728,train
S1385,0.7559,0.5777,hands_on,2.47,0.2963,test
S1386,0.6535,0.5139,analytical,2.29,0.4501,val
S1387,0.865,0.7582,analytical,2.87,0.1899,val
S1388,0.206,0.4941,hands_on,0.84,0.5577,train
S1389,0.8106,0.6145,analytical,2.94,0.2668,train
S1390,0.6496,0.502,visual,2.15,0.3531,train
S1391,0.7538,0.7441,visual,2.92,0.2256,val
S1392,0.8282,0.6005,hands_on,2.66,0.3083,train
S1393,0.5997,0.5924,exploratory,2.32,0.3006,val
S1394,0.8816,0.5404,exploratory,3.22,0.3665,val
S1395,0.481,0.4142,hands_on,1.45,0.523,train
S1396,0.5963,0.5858,visual,2.03,0.3414,train
S1397,0.4125,0.3782,visual,1.29,0.5389,train
S1398,0.6974,0.4202,analytical,2.59,0.5105,train
S1399,0.3246,0.4326,analytical,1.36,0.6447,train
S1400,0.7351,0.809,exploratory,3.01,0.2444,train
S1401,0.9117,0.5803,exploratory,2.35,0.2006,train
S1402,0.7492,0.6885,exploratory,2.76,0.3185,val
S1403,0.6382,0.6396,visual,2.29,0.3462,train
S1404,0.4207,0.4166,hands_on,1.83,0.6829,test
S1405,0.8681,0.5625,exploratory,2.89,0.2732,train
S1406,0.8863,0.543,hands_on,2.68,0.4115,train
S1407,0.5811,0.5051,visual,2.35,0.4468,val
S1408,0.3579,0.5138,analytical,1.89,0.4448,val
S1409,0.6619,0.4412,analytical,2.42,0.6873,train
S1410,0.6717,0.6981,visual,2.68,0.1878,train
S1411,0.6827,0.5858,exploratory,2.33,0.191,train
S1412,0.7957,0.5749,analytical,2.66,0.1372,val
S1413,0.4311,0.4527,visual,1.54,0.7415,train
S1414,0.5237,0.472,hands_on,1.9,0.6419,train
S1415,0.8782,0.715,hands_on,2.89,0.2146,val
S1416,0.5006,0.4724,hands_on,1.78,0.5168,train
S1417,0.4946,0.6521,analytical,2.49,0.4241,train
S1418,0.452,0.551,hands_on,1.88,0.327,val
S1419,0.7447,0.4117,visual,2.17,0.5163,train
S1420,0.5092,0.4603,visual,1.59,0.5899,train
S1421,0.2571,0.4756,visual,1.26,0.4918,train
S1422,0.8488,0.6455,hands_on,2.98,0.2736,train
S1423,0.535,0.6074,exploratory,2.12,0.4,train
S1424,0.6702,0.6083,visual,2.38,0.3278,train
S1425,0.6499,0.6098,exploratory,2.43,0.2988,train
S1426,0.4917,0.4059,exploratory,1.77,0.5071,val
S1427,0.8255,0.716,visual,3.03,0.1842,train
S1428,0.8366,0.6072,exploratory,2.9,0.3554,train
S1429,0.5301,0.4196,exploratory,1.78,0.4904,train
S1430,0.618,0.3652,hands_on,1.88,0.4222,train
S1431,0.608,0.5702,hands_on,2.19,0.3878,val
S1432,0.6385,0.6107,exploratory,2.43,0.3466,train
S1433,0.6155,0.5168,analytical,2.35,0.3958,val
S1434,0.5885,0.644,hands_on,2.19,0.4196,val
S1435,0.6579,0.5605,hands_on,2.26,0.3496,train
S1436,0.7797,0.4283,hands_on,2.2,0.3307,train
S1437,0.6534,0.6128,visual,2.06,0.2414,test
S1438,0.8845,0.4878,exploratory,2.43,0.3018,train
S1439,0.5335,0.4457,hands_on,1.64,0.579,train
S1440,0.779,0.8302,visual,2.83,0.186,val
S1441,0.6241,0.6267,hands_on,2.41,0.317,train
S1442,0.6012,0.3688,visual,1.66,0.4229,train
S1443,0.7246,0.6766,hands_on,2.61,0.1515,train
S1444,0.7393,0.52,visual,2.57,0.4474,test
S1445,0.788,0.7062,visual,2.63,0.2864,train
S1446,0.7203,0.6745,analytical,2.5,0.3539,train
S1447,0.7758,0.5793,analytical,2.31,0.3303,train
S1448,0.7453,0.7173,visual,2.53,0.1974,train
S1449,0.8765,0.652,hands_on,3.18,0.2068,train
S1450,0.7157,0.5518,visual,2.5,0.3096,train
S1451,0.7047,0.6092,hands_on,2.89,0.2954,train
S1452,0.5645,0.5444,hands_on,1.91,0.3881,train
S1453,0.5624,0.6284,visual,2.48,0.4725,train
S1454,0.4503,0.4308,exploratory,1.49,0.6853,train
S1455,0.6482,0.4563,visual,2.01,0.3532,test
S1456,0.3505,0.5737,visual,2.18,0.4905,train
S1457,0.301,0.4976,analytical,1.24,0.578,train
S1458,0.4182,0.4777,exploratory,1.95,0.4384,train
S1459,0.8457,0.5656,hands_on,2.7,0.2891,test
S1460,0.8094,0.6559,hands_on,2.55,0.2888,train
S1461,0.7565,0.5879,hands_on,2.26,0.3088,train
S1462,0.401,0.5164,hands_on,1.68,0.5573,test
S1463,0.5224,0.4233,hands_on,1.56,0.4945,test
S1464,0.8035,0.6745,hands_on,2.72,0.0256,train
S1465,0.7,0.6231,hands_on,2.09,0.2478,train
S1466,0.7674,0.6083,exploratory,2.67,0.4156,train
S1467,0.7707,0.5784,exploratory,2.25,0.3545,train
S1468,0.5357,0.4769,hands_on,1.88,0.2362,val
S1469,0.7773,0.5293,hands_on,2.23,0.2112,train
S1470,0.8481,0.7382,hands_on,3.22,0.2639,train
S1471,0.8741,0.7183,hands_on,2.58,0.1573,train
S1472,0.5818,0.5574,hands_on,2.06,0.1912,train
S1473,0.4984,0.6303,analytical,2.15,0.4968,train
S1474,0.758,0.625,exploratory,2.68,0.3556,train
S1475,0.8857,0.6474,analytical,2.67,0.1638,train
S1476,0.5132,0.4862,exploratory,1.51,0.5698,train
S1477,0.7354,0.6202,analytical,2.7,0.2467,train
S1478,0.6395,0.6718,exploratory,2.39,0.2801,train
S1479,0.8217,0.5935,analytical,2.48,0.2443,train
S1480,0.5597,0.5565,visual,2.23,0.2661,train
S1481,0.8197,0.5828,visual,2.56,0.3219,train
S1482,0.8238,0.6044,exploratory,2.59,0.3189,test
S1483,0.5798,0.4262,analytical,1.74,0.4306,val
S1484,0.3422,0.3092,hands_on,1.06,0.6834,val
S1485,0.7292,0.598,visual,2.34,0.1955,train
S1486,0.5941,0.5529,hands_on,2.2,0.4587,train
S1487,0.3692,0.4015,exploratory,1.72,0.5992,train
S1488,0.8293,0.6952,hands_on,2.59,0.1787,train
S1489,0.6319,0.5175,exploratory,2.1,0.4359,train
S1490,0.8353,0.6473,analytical,2.78,0.1823,train
S1491,0.7232,0.5,analytical,2.43,0.458,test
S1492,0.8057,0.6342,visual,2.92,0.3142,val
S1493,0.2612,0.5206,hands_on,1.32,0.5973,test
S1494,0.652,0.557,hands_on,2.14,0.339,train
S1495,0.9064,0.595,hands_on,3.0,0.3064,train
S1496,0.5342,0.4805,visual,1.57,0.5597,train
S1497,0.675,0.499,analytical,1.8,0.5203,train
S1498,0.5217,0.5127,hands_on,2.43,0.4109,val
S1499,0.8784,0.5567,analytical,2.61,0.3397,train
S1500,0.5683,0.4965,analytical,1.91,0.5525,train
S1501,0.6301,0.6239,visual,2.43,0.3363,test
S1502,0.7121,0.5477,analytical,2.46,0.4655,train
S1503,0.685,0.5183,exploratory,2.46,0.3912,test
S1504,0.46,0.5015,hands_on,1.95,0.4058,val
S1505,0.6711,0.704,hands_on,2.24,0.2444,train
S1506,0.3249,0.5593,hands_on,1.81,0.4066,train
S1507,0.8385,0.543,hands_on,2.76,0.2952,train
S1508,0.9149,0.7346,exploratory,3.19,0.1649,train
S1509,0.5963,0.4472,visual,2.07,0.4655,train
S1510,0.8489,0.7557,exploratory,2.55,0.3069,train
S1511,0.8007,0.8065,visual,2.93,0.1954,train
S1512,0.6849,0.6484,visual,2.29,0.2987,train
S1513,0.7713,0.6545,exploratory,2.46,0.2625,train
S1514,0.363,0.4172,exploratory,1.33,0.4206,train
S1515,0.4946,0.5208,hands_on,2.03,0.5177,val
S1516,0.7435,0.7635,visual,2.84,0.2298,train
S1517,0.3859,0.4352,analytical,1.59,0.5569,train
S1518,0.5003,0.3445,exploratory,1.53,0.5238,train
S1519,0.5148,0.5169,visual,1.98,0.4659,test
S1520,0.751,0.6243,hands_on,2.55,0.1962,val
S1521,0.7799,0.4467,hands_on,2.58,0.3679,val
S1522,0.749,0.4001,visual,2.39,0.3545,val
S1523,0.2553,0.3595,exploratory,1.13,0.6461,test
S1524,0.6009,0.4126,analytical,1.78,0.3827,train
S1525,0.6108,0.465,exploratory,2.1,0.4742,train
S1526,0.9161,0.6144,visual,2.99,0.233,train
S1527,0.6807,0.5426,analytical,2.34,0.2659,train
S1528,0.7015,0.6469,hands_on,2.42,0.3889,val
S1529,0.6046,0.6127,analytical,2.12,0.3311,val
S1530,0.8243,0.6207,visual,2.81,0.241,val
S1531,0.727,0.6552,hands_on,2.41,0.3619,train
S1532,0.6214,0.4858,exploratory,2.05,0.5076,test
S1533,0.7339,0.724,visual,2.82,0.2267,train
S1534,0.6783,0.6452,analytical,2.55,0.3333,train
S1535,0.8435,0.4874,exploratory,2.36,0.3757,val
S1536,0.7543,0.585,visual,2.6,0.4184,train
S1537,0.5379,0.3723,exploratory,2.15,0.5175,train
S1538,0.7443,0.6588,hands_on,2.76,0.3263,train
S1539,0.5315,0.7443,visual,2.23,0.2728,val
S1540,0.5946,0.4633,analytical,2.26,0.323,train
S1541,0.7912,0.6433,analytical,3.15,0.3189,val
S1542,0.6927,0.5819,visual,2.57,0.2818,test
S1543,0.5924,0.4616,hands_on,1.65,0.3717,train
S1544,0.4489,0.5389,hands_on,1.92,0.5268,val
S1545,0.6804,0.8095,analytical,2.98,0.2378,train
S1546,0.5624,0.488,analytical,1.56,0.4655,test
S1547,0.5926,0.5102,hands_on,2.26,0.3211,val
S1548,0.8372,0.7754,analytical,2.96,0.1215,train
S1549,0.4021,0.4161,hands_on,1.77,0.6823,train
S1550,0.5277,0.5654,hands_on,1.99,0.3755,train
S1551,0.8297,0.4834,analytical,2.62,0.3128,train
S1552,0.5263,0.5053,hands_on,1.99,0.4748,val
S1553,0.4576,0.3585,hands_on,1.69,0.4672,val
S1554,0.5446,0.437,exploratory,1.94,0.5865,test
S1555,0.7969,0.554,visual,2.4,0.3127,train
S1556,0.6535,0.6085,hands_on,2.3,0.3332,train
S1557,0.5292,0.5847,analytical,2.04,0.5042,train
S1558,0.6818,0.6076,exploratory,2.66,0.4127,train
S1559,0.8229,0.4537,analytical,2.59,0.5029,test
S1560,0.5606,0.4339,visual,1.75,0.4375,test
S1561,0.4908,0.4901,hands_on,1.63,0.6541,train
S1562,0.7146,0.6076,analytical,2.61,0.3767,val
S1563,0.5849,0.3316,hands_on,1.69,0.6428,test
S1564,0.4792,0.6278,visual,2.15,0.5007,train
S1565,0.5364,0.483,hands_on,1.89,0.4099,test
S1566,0.4817,0.4047,hands_on,1.96,0.4544,train
S1567,0.7209,0.6047,visual,2.35,0.1792,train
S1568,0.6654,0.4155,analytical,2.37,0.2728,train
S1569,0.8534,0.5306,analytical,2.87,0.2482,val
S1570,0.7899,0.6133,exploratory,2.57,0.3899,val
S1571,0.4855,0.491,analytical,1.63,0.4407,train
S1572,0.4275,0.5863,analytical,2.21,0.4097,train
S1573,0.4425,0.3174,exploratory,1.27,0.634,train
S1574,0.5645,0.6646,visual,2.3,0.298,train
S1575,0.7802,0.5973,visual,2.68,0.4474,train
S1576,0.9013,0.5917,visual,2.87,0.2272,train
S1577,0.6544,0.5549,visual,2.43,0.4503,train
S1578,0.4692,0.6503,hands_on,1.82,0.4002,train
S1579,0.7353,0.549,hands_on,2.83,0.3441,train
S1580,0.7613,0.6475,visual,2.48,0.3762,train
S1581,0.8376,0.5215,visual,2.6,0.3267,train
S1582,0.6119,0.5082,hands_on,1.82,0.5355,train
S1583,0.2508,0.4943,visual,1.5,0.5221,test
S1584,0.2463,0.3475,analytical,1.44,0.5489,train
S1585,0.4785,0.5568,visual,2.29,0.3142,train
S1586,0.5745,0.5214,analytical,2.27,0.5272,val
S1587,0.7986,0.7936,analytical,2.87,0.2756,train
S1588,0.5028,0.6525,exploratory,2.09,0.3789,train
S1589,0.807,0.6528,exploratory,2.69,0.287,test
S1590,0.7034,0.4572,analytical,1.99,0.4833,train
S1591,0.5392,0.3325,visual,1.63,0.5125,train
S1592,0.7273,0.4448,analytical,2.45,0.2517,train
S1593,0.6904,0.5439,analytical,2.16,0.2248,test
S1594,0.7879,0.6881,exploratory,2.31,0.1682,train
S1595,0.6677,0.4773,hands_on,1.93,0.4129,test
S1596,0.7163,0.6231,hands_on,2.67,0.242,train
S1597,0.3654,0.383,exploratory,1.03,0.6659,train
S1598,0.7685,0.6261,exploratory,2.54,0.1906,test
S1599,0.658,0.6019,exploratory,2.27,0.2976,train
S1600,0.7537,0.5372,visual,2.52,0.1934,train
S1601,0.5142,0.3724,hands_on,1.74,0.4854,train
S1602,0.8008,0.5635,hands_on,2.69,0.3066,val
S1603,0.3513,0.2502,visual,1.12,0.7355,train
S1604,0.5634,0.4814,visual,1.77,0.4594,test
S1605,0.8035,0.7879,visual,3.13,0.2631,val
S1606,0.7659,0.5967,hands_on,2.23,0.3872,train
S1607,0.457,0.3813,hands_on,1.73,0.5741,train
S1608,0.5677,0.4961,visual,2.22,0.3696,train
S1609,0.6923,0.4904,analytical,2.73,0.4202,train
S1610,0.8654,0.6401,analytical,2.71,0.3616,test
S1611,0.8065,0.7145,exploratory,2.73,0.2103,train
S1612,0.7287,0.5506,visual,2.44,0.3887,train
S1613,0.5935,0.3722,exploratory,1.86,0.5277,train
S1614,0.4243,0.4802,hands_on,1.82,0.4835,train
S1615,0.3794,0.4271,analytical,1.58,0.6321,train
S1616,0.4683,0.3343,exploratory,1.46,0.5281,train
S1617,0.553,0.5323,exploratory,2.0,0.4679,test
S1618,0.5168,0.6719,analytical,2.33,0.3659,train
S1619,0.4505,0.4908,visual,1.47,0.4999,test
S1620,0.3327,0.4297,visual,1.33,0.6516,train
S1621,0.4605,0.5595,exploratory,1.96,0.3052,val
S1622,0.9617,0.7587,visual,3.04,0.1952,train
S1623,0.8512,0.6005,visual,2.07,0.3233,train
S1624,0.7701,0.625,exploratory,2.92,0.2462,train
S1625,0.8112,0.532,visual,2.58,0.313,train
S1626,0.3932,0.5575,exploratory,1.45,0.4141,train
S1627,0.8696,0.6722,analytical,3.11,0.1623,val
S1628,0.9164,0.4925,hands_on,2.71,0.3077,train
S1629,0.7214,0.7137,visual,2.45,0.4842,train
S1630,0.3859,0.6042,visual,1.83,0.5276,val
S1631,0.7153,0.5977,visual,2.48,0.2613,test
S1632,0.4831,0.5395,visual,1.75,0.5219,test
S1633,0.868,0.6173,visual,2.68,0.2981,train
S1634,0.4088,0.327,hands_on,1.18,0.4507,test
S1635,0.8098,0.7229,hands_on,3.01,0.205,train
S1636,0.6683,0.677,exploratory,2.24,0.3032,val
S1637,0.6536,0.4854,analytical,2.01,0.4169,train
S1638,0.4906,0.4578,analytical,1.79,0.4907,val
S1639,0.6492,0.6548,hands_on,2.7,0.345,test
S1640,0.5791,0.5225,visual,2.08,0.3495,train
S1641,0.25,0.3976,exploratory,1.26,0.6026,train
S1642,0.3756,0.5005,hands_on,1.6,0.5045,test
S1643,0.72,0.6665,visual,2.77,0.3889,train
S1644,0.2949,0.4576,analytical,1.72,0.5256,test
S1645,0.4933,0.6749,hands_on,2.01,0.3747,train
S1646,0.4752,0.616,visual,1.97,0.4005,train
S1647,0.5454,0.5652,analytical,2.08,0.5472,train
S1648,0.6607,0.5437,analytical,2.38,0.4312,train
S1649,0.4361,0.6734,hands_on,2.0,0.346,train
S1650,0.4089,0.5172,hands_on,1.57,0.5351,train
S1651,0.5527,0.6307,exploratory,2.16,0.3065,train
S1652,0.497,0.4371,exploratory,2.24,0.5205,train
S1653,0.6634,0.6589,visual,2.51,0.4342,train
S1654,0.1922,0.4479,exploratory,0.71,0.4755,train
S1655,0.66,0.5858,analytical,2.25,0.2787,train
S1656,0.7102,0.4146,visual,2.19,0.4263,train
S1657,0.5339,0.5445,analytical,1.96,0.4031,test
S1658,0.7258,0.6369,analytical,2.54,0.3239,train
S1659,0.74,0.3628,visual,2.23,0.4171,train
S1660,0.7289,0.5283,analytical,2.5,0.2198,train
S1661,0.7974,0.6119,visual,2.72,0.3356,val
S1662,0.6603,0.476,exploratory,2.36,0.3019,test
S1663,0.6028,0.589,analytical,1.91,0.4001,train
S1664,0.4698,0.32,visual,1.46,0.5282,train
S1665,0.1788,0.3496,exploratory,1.0,0.8743,train
S1666,0.8204,0.6588,analytical,2.84,0.2447,test
S1667,0.5515,0.443,hands_on,1.75,0.5005,train
S1668,0.7806,0.6232,visual,2.55,0.3326,train
S1669,0.5661,0.642,visual,2.04,0.4034,test
S1670,0.7993,0.3685,exploratory,2.51,0.3924,val
S1671,0.5391,0.5457,analytical,1.63,0.3526,val
S1672,0.6703,0.6509,analytical,2.19,0.3165,train
S1673,0.5954,0.3916,hands_on,1.98,0.3266,train
S1674,0.5736,0.5125,hands_on,2.14,0.4703,train
S1675,0.5062,0.4159,visual,1.42,0.7387,train
S1676,0.481,0.5853,visual,2.06,0.4543,train
S1677,0.6223,0.4599,hands_on,2.09,0.4602,train
S1678,0.7191,0.6196,hands_on,2.61,0.1934,train
S1679,0.8958,0.6739,hands_on,3.0,0.1483,train
S1680,0.4954,0.5366,analytical,1.98,0.5272,train
S1681,0.4084,0.5237,exploratory,1.78,0.3848,test
S1682,0.307,0.412,exploratory,1.39,0.5382,train
S1683,0.4507,0.4915,visual,1.78,0.5414,train
S1684,0.596,0.6021,analytical,2.2,0.4456,test
S1685,0.6114,0.5942,analytical,2.22,0.3687,test
S1686,0.6891,0.6722,analytical,2.57,0.3172,train
S1687,0.4726,0.3906,hands_on,1.79,0.5412,train
S1688,0.6888,0.591,hands_on,2.79,0.2454,train
S1689,0.6832,0.4498,hands_on,2.28,0.4043,val
S1690,0.4854,0.5843,visual,2.02,0.458,test
S1691,0.4966,0.3915,exploratory,1.92,0.5133,val
S1692,0.2437,0.4948,analytical,1.36,0.4336,train
S1693,0.7569,0.5988,visual,2.35,0.4328,train
S1694,0.574,0.6113,visual,2.03,0.2992,train
S1695,0.682,0.7156,exploratory,2.94,0.2968,train
S1696,0.5606,0.5305,visual,1.89,0.4547,test
S1697,0.6553,0.538,exploratory,2.36,0.3467,train
S1698,0.7158,0.6149,exploratory,2.3,0.3407,train
S1699,0.6131,0.5805,hands_on,2.48,0.3208,train
S1700,0.6435,0.5369,analytical,2.13,0.5606,train
S1701,0.7807,0.7317,hands_on,2.83,0.2186,train
S1702,0.6692,0.651,analytical,2.4,0.3978,val
S1703,0.4805,0.3839,analytical,1.73,0.4436,val
S1704,0.4158,0.5671,analytical,1.8,0.5354,train
S1705,0.5537,0.3427,visual,1.91,0.4592,test
S1706,0.4531,0.4136,visual,1.75,0.4185,val
S1707,0.6732,0.6092,visual,2.45,0.2577,val
S1708,0.2364,0.2666,hands_on,1.05,0.6258,train
S1709,0.4933,0.4997,analytical,1.97,0.4821,train
S1710,0.6445,0.6378,hands_on,2.3,0.573,train
S1711,0.6338,0.6382,analytical,2.26,0.5665,train
S1712,0.6946,0.5634,hands_on,2.68,0.3281,val
S1713,0.3549,0.472,hands_on,1.63,0.6246,train
S1714,0.6536,0.7187,analytical,2.6,0.2021,train
S1715,0.4287,0.3934,hands_on,1.37,0.3817,train
S1716,0.7025,0.6514,analytical,2.16,0.3132,train
S1717,0.5037,0.4774,visual,1.77,0.5222,train
S1718,0.5249,0.5514,analytical,1.89,0.4983,train
S1719,0.5898,0.7498,exploratory,2.36,0.4036,train
S1720,0.7309,0.5787,analytical,2.65,0.3042,train
S1721,0.4934,0.5677,visual,2.24,0.4483,test
S1722,0.3545,0.5044,hands_on,1.76,0.5992,train
S1723,0.6112,0.5079,analytical,1.99,0.5119,train
S1724,0.5512,0.6865,analytical,2.35,0.2905,train
S1725,0.6226,0.5645,visual,2.12,0.4027,train
S1726,0.9195,0.6279,hands_on,2.6,0.2756,train
S1727,0.6634,0.5394,hands_on,2.25,0.3905,train
S1728,0.6787,0.4424,visual,2.41,0.3657,train
S1729,0.2408,0.4772,exploratory,1.18,0.5972,train
S1730,0.8284,0.7138,visual,3.06,0.2684,train
S1731,0.5174,0.5407,hands_on,1.82,0.383,train
S1732,0.7159,0.5821,exploratory,2.59,0.2401,train
S1733,0.4695,0.5329,hands_on,1.78,0.6337,val
S1734,0.3297,0.5901,exploratory,1.92,0.5211,test
S1735,0.5601,0.6214,analytical,2.1,0.4634,train
S1736,0.4837,0.302,visual,1.41,0.5832,train
S1737,0.5197,0.3673,exploratory,1.99,0.6049,train
S1738,0.6284,0.5359,visual,2.07,0.4024,train
S1739,0.8147,0.6971,hands_on,2.88,0.2867,train
S1740,0.5001,0.5343,visual,1.79,0.3658,train
S1741,0.7952,0.629,visual,2.88,0.1379,val
S1742,0.8864,0.5834,hands_on,3.08,0.2205,train
S1743,0.4257,0.4462,hands_on,1.47,0.4136,train
S1744,0.4868,0.501,analytical,1.93,0.3062,val
S1745,0.634,0.5039,exploratory,2.28,0.4321,train
S1746,0.6226,0.3162,analytical,1.87,0.356,test
S1747,0.7486,0.4709,exploratory,2.66,0.4472,train
S1748,0.5208,0.5989,visual,2.35,0.5315,train
S1749,0.7331,0.5197,hands_on,2.22,0.2408,train
S1750,0.7581,0.5299,hands_on,2.7,0.3635,train
S1751,0.5218,0.6561,hands_on,2.23,0.5386,train
S1752,0.7898,0.6425,exploratory,2.75,0.2377,train
S1753,0.5174,0.382,hands_on,1.66,0.5642,train
S1754,0.8473,0.4859,hands_on,2.3,0.5115,train
S1755,0.7347,0.6384,visual,2.63,0.1679,train
S1756,0.8816,0.557,visual,2.84,0.1911,train
S1757,0.7462,0.4958,visual,2.78,0.4062,test
S1758,0.4352,0.4649,visual,1.52,0.6888,train
S1759,0.9283,0.6693,analytical,2.72,0.1442,train
S1760,0.7357,0.7063,visual,2.44,0.466,train
S1761,0.8097,0.6934,exploratory,3.14,0.2542,val
S1762,0.4167,0.4862,hands_on,1.56,0.3563,test
S1763,0.4087,0.4025,visual,1.78,0.6822,train
S1764,0.7054,0.717,analytical,2.63,0.2428,val
S1765,0.2833,0.5194,exploratory,1.21,0.5947,val
S1766,0.7099,0.7882,visual,3.14,0.1131,val
S1767,0.5068,0.5758,analytical,2.24,0.3726,train
S1768,0.7261,0.5487,visual,2.38,0.2266,test
S1769,0.6447,0.4616,visual,2.31,0.2939,train
S1770,0.6812,0.6153,analytical,2.45,0.3444,train
S1771,0.4376,0.5507,exploratory,1.88,0.5206,train
S1772,0.8443,0.4437,visual,2.88,0.2966,train
S1773,0.8812,0.6356,visual,2.59,0.1225,test
S1774,0.5255,0.33,analytical,1.58,0.433,train
S1775,0.734,0.5745,hands_on,2.48,0.3609,train
S1776,0.3558,0.545,visual,1.67,0.5235,train
S1777,0.6407,0.6204,hands_on,2.09,0.3835,train
S1778,0.6271,0.3457,analytical,2.08,0.6069,train
S1779,0.3872,0.4968,visual,1.37,0.5682,train
S1780,0.535,0.4079,analytical,1.54,0.5284,train
S1781,0.6261,0.4337,exploratory,1.98,0.6326,train
S1782,0.4548,0.5587,hands_on,2.22,0.4419,train
S1783,0.538,0.4665,exploratory,2.39,0.6586,train
S1784,0.8215,0.4852,analytical,2.63,0.4459,train
S1785,0.778,0.5923,visual,2.55,0.2796,train
S1786,0.5228,0.5176,visual,1.96,0.5162,train
S1787,0.584,0.3854,analytical,1.93,0.4665,train
S1788,0.6937,0.5631,exploratory,2.66,0.2395,test
S1789,0.7635,0.6283,hands_on,2.38,0.293,train
S1790,0.7156,0.6752,exploratory,2.83,0.1768,train
S1791,0.7361,0.7438,exploratory,2.45,0.2727,train
S1792,0.4991,0.4761,analytical,1.72,0.5452,train
S1793,0.8067,0.6591,analytical,2.76,0.243,val
S1794,0.9274,0.6171,hands_on,3.05,0.2434,test
S1795,0.696,0.5932,visual,2.42,0.357,test
S1796,0.6172,0.6479,exploratory,2.36,0.4182,train
S1797,0.339,0.5428,hands_on,1.57,0.5303,train
S1798,0.6175,0.616,exploratory,1.98,0.3397,val
S1799,0.2848,0.5363,hands_on,1.55,0.6144,train
S1800,0.6006,0.5283,visual,2.28,0.4247,train
S1801,0.3544,0.3302,hands_on,1.54,0.4411,val
S1802,0.7821,0.587,exploratory,2.97,0.2759,train
S1803,0.3734,0.4527,analytical,1.58,0.5069,train
S1804,0.6105,0.5772,hands_on,2.49,0.3973,train
S1805,0.6848,0.499,visual,2.26,0.3905,val
S1806,0.312,0.2564,hands_on,0.78,0.5082,train
S1807,0.5669,0.5353,analytical,2.24,0.3047,train
S1808,0.9218,0.7521,hands_on,3.3,0.0905,train
S1809,0.4091,0.4178,exploratory,1.53,0.553,train
S1810,0.506,0.6712,hands_on,2.11,0.4761,train
S1811,0.6439,0.6243,visual,2.45,0.221,test
S1812,0.5843,0.5636,analytical,2.06,0.3497,train
S1813,0.8734,0.5452,visual,2.83,0.2778,train
S1814,0.7647,0.3942,hands_on,2.09,0.324,train
S1815,0.6919,0.6312,visual,2.31,0.3316,train
S1816,0.3029,0.4655,visual,1.1,0.6255,train
S1817,0.5934,0.4512,hands_on,2.43,0.3894,train
S1818,0.7629,0.6233,hands_on,2.63,0.3224,val
S1819,0.6083,0.6174,exploratory,2.51,0.3593,train
S1820,0.4816,0.3202,exploratory,1.32,0.4673,train
S1821,0.6044,0.5367,exploratory,2.1,0.3952,train
S1822,0.6334,0.5722,hands_on,2.36,0.414,train
S1823,0.4402,0.3891,exploratory,1.85,0.6599,test
S1824,0.7337,0.6419,exploratory,2.46,0.4325,train
S1825,0.4318,0.5186,hands_on,1.65,0.4469,test
S1826,0.567,0.3412,exploratory,1.6,0.4611,train
S1827,0.479,0.3841,analytical,1.61,0.5348,train
S1828,0.8083,0.6702,visual,2.58,0.2113,train
S1829,0.4739,0.4617,analytical,1.45,0.5961,train
S1830,0.4226,0.383,visual,1.56,0.5655,train
S1831,0.5362,0.4922,hands_on,2.05,0.4616,train
S1832,0.4896,0.5689,visual,1.7,0.4951,train
S1833,0.848,0.526,exploratory,2.52,0.3145,train
S1834,0.4992,0.5081,visual,1.84,0.4912,test
S1835,0.8851,0.6603,analytical,3.28,0.2456,train
S1836,0.5688,0.5525,analytical,1.51,0.4039,test
S1837,0.7607,0.608,exploratory,2.67,0.2319,train
S1838,0.4903,0.6571,hands_on,2.2,0.5444,train
S1839,0.8293,0.6273,analytical,2.62,0.1921,val
S1840,0.6713,0.5794,analytical,2.28,0.4895,train
S1841,0.4647,0.5605,hands_on,1.93,0.486,train
S1842,0.8596,0.5998,exploratory,2.78,0.2152,train
S1843,0.5116,0.6024,exploratory,2.37,0.4631,train
S1844,0.5797,0.5367,exploratory,2.1,0.4805,train
S1845,0.7102,0.5419,hands_on,2.55,0.494,train
S1846,0.4869,0.3999,hands_on,1.76,0.4157,train
S1847,0.2833,0.4825,visual,1.49,0.5642,val
S1848,0.866,0.5434,hands_on,2.56,0.396,val
S1849,0.4868,0.5291,exploratory,1.9,0.5225,train
S1850,0.3684,0.488,analytical,1.53,0.5735,train
S1851,0.7067,0.4963,analytical,2.16,0.4969,val
S1852,0.6074,0.4866,exploratory,2.25,0.4133,train
S1853,0.5976,0.5767,exploratory,1.78,0.1997,test
S1854,0.6403,0.6454,visual,2.65,0.3121,val
S1855,0.8087,0.8457,exploratory,2.6,0.3364,train
S1856,0.7099,0.4118,visual,2.15,0.4391,val
S1857,0.3429,0.3246,visual,1.43,0.5522,train
S1858,0.2865,0.2826,exploratory,0.82,0.7707,train
S1859,0.7918,0.6755,hands_on,2.84,0.3273,train
S1860,0.9661,0.6469,visual,3.16,0.2059,train
S1861,0.6971,0.6354,analytical,2.55,0.3672,train
S1862,0.582,0.426,hands_on,1.85,0.385,train
S1863,0.6571,0.5294,visual,2.15,0.3571,train
S1864,0.6278,0.4545,visual,1.75,0.4278,train
S1865,0.6452,0.6828,visual,2.42,0.4103,train
S1866,0.712,0.5078,visual,2.51,0.3272,train
S1867,0.6179,0.4813,analytical,1.99,0.4233,test
S1868,0.5177,0.6076,hands_on,1.97,0.5289,train
S1869,0.7748,0.6351,analytical,2.98,0.4875,train
S1870,0.5435,0.5351,visual,1.97,0.365,train
S1871,0.5909,0.4632,hands_on,2.07,0.4569,train
S1872,0.7608,0.6507,exploratory,2.76,0.1642,test
S1873,0.7782,0.5684,exploratory,2.53,0.3129,train
S1874,0.7947,0.6537,exploratory,2.87,0.245,train
S1875,0.7291,0.676,analytical,2.82,0.3878,test
S1876,0.7426,0.6351,visual,2.77,0.2062,train
S1877,0.5525,0.6754,hands_on,2.43,0.2626,train
S1878,0.4166,0.5285,analytical,1.29,0.6164,train
S1879,0.2892,0.4146,visual,1.02,0.5527,test
S1880,0.7457,0.7746,visual,2.7,0.2517,train
S1881,0.6719,0.3959,visual,1.91,0.4631,test
S1882,0.4728,0.4706,exploratory,1.6,0.4325,train
S1883,0.6641,0.5986,visual,2.54,0.2889,train
S1884,0.4452,0.5299,visual,1.8,0.5714,train
S1885,0.8112,0.403,hands_on,2.36,0.4278,train
S1886,0.8165,0.5781,exploratory,2.62,0.2912,train
S1887,0.7848,0.656,visual,2.63,0.2607,train
S1888,0.7387,0.6302,hands_on,2.52,0.3293,train
S1889,0.2942,0.53,exploratory,1.72,0.5797,val
S1890,0.8393,0.6111,analytical,2.41,0.3682,train
S1891,0.5301,0.6558,exploratory,2.4,0.3847,test
S1892,0.6784,0.5497,analytical,2.78,0.4028,train
S1893,0.7436,0.688,hands_on,2.92,0.3333,train
S1894,0.7559,0.5293,visual,2.26,0.4005,train
S1895,0.4033,0.6546,hands_on,1.77,0.5599,test
S1896,0.7929,0.6057,analytical,2.86,0.2896,train
S1897,0.59,0.6588,hands_on,2.24,0.3128,train
S1898,0.6679,0.5751,analytical,2.23,0.332,train
S1899,0.552,0.6895,analytical,2.23,0.4126,test
S1900,0.7875,0.5225,visual,2.29,0.3219,train
S1901,0.8619,0.7207,visual,2.95,0.3908,val
S1902,0.6356,0.7347,visual,2.26,0.3044,train
S1903,0.601,0.5609,hands_on,2.31,0.3207,train
S1904,0.7821,0.6568,visual,2.54,0.2983,train
S1905,0.4452,0.4543,analytical,1.67,0.6383,train
S1906,0.7785,0.4516,visual,2.3,0.3012,train
S1907,0.826,0.4653,hands_on,2.59,0.2714,test
S1908,0.6086,0.6413,visual,2.47,0.3426,train
S1909,0.8691,0.6281,analytical,2.91,0.1946,train
S1910,0.8077,0.5442,exploratory,2.45,0.2036,test
S1911,0.6206,0.8076,analytical,2.46,0.154,val
S1912,0.4205,0.3171,analytical,1.87,0.6067,train
S1913,0.4387,0.4333,hands_on,1.8,0.5848,val
S1914,0.7667,0.3844,visual,2.22,0.3459,train
S1915,0.8274,0.5158,visual,2.48,0.3099,train
S1916,0.5892,0.6887,visual,2.04,0.3598,val
S1917,0.615,0.5163,exploratory,2.35,0.3225,train
S1918,0.711,0.6763,visual,2.44,0.3644,val
S1919,0.8244,0.7292,visual,3.12,0.2378,test
S1920,0.6757,0.5028,exploratory,2.41,0.4316,val
S1921,0.9395,0.5211,exploratory,3.12,0.3171,train
S1922,0.7752,0.5887,exploratory,2.74,0.5003,train
S1923,0.3675,0.511,hands_on,1.53,0.4427,test
S1924,0.694,0.6295,analytical,2.47,0.253,val
S1925,0.7805,0.8192,hands_on,2.95,0.3348,train
S1926,0.6386,0.7587,visual,2.49,0.3434,train
S1927,0.6137,0.6178,analytical,1.95,0.3713,train
S1928,0.2649,0.3808,analytical,0.72,0.5912,train
S1929,0.5723,0.4474,visual,2.08,0.4426,train
S1930,0.5486,0.6755,hands_on,2.18,0.3522,train
S1931,0.6239,0.4978,hands_on,2.31,0.2956,test
S1932,0.6072,0.611,visual,2.18,0.4496,train
S1933,0.7407,0.6834,analytical,2.65,0.1183,train
S1934,0.306,0.3419,visual,1.37,0.5605,train
S1935,0.9157,0.7137,analytical,3.4,0.1522,train
S1936,0.7655,0.5678,exploratory,2.47,0.4915,train
S1937,0.8737,0.5855,exploratory,2.6,0.2553,train
S1938,0.5438,0.4317,visual,2.09,0.5063,train
S1939,0.7753,0.6431,visual,2.61,0.2115,val
S1940,0.7105,0.5045,visual,2.22,0.4428,train
S1941,0.5833,0.4742,visual,1.91,0.6803,train
S1942,0.5162,0.4498,hands_on,1.67,0.5246,val
S1943,0.513,0.487,analytical,2.01,0.4432,train
S1944,0.6672,0.7194,hands_on,2.28,0.1335,train
S1945,0.5365,0.4502,analytical,1.88,0.5315,test
S1946,0.9388,0.6648,hands_on,3.11,0.1195,train
S1947,0.705,0.7194,analytical,2.51,0.2186,val
S1948,0.2247,0.3263,analytical,1.3,0.7466,train
S1949,0.5701,0.4322,visual,2.08,0.4311,train
S1950,0.6084,0.5186,analytical,2.03,0.4053,train
S1951,0.5799,0.5724,exploratory,2.11,0.4615,train
S1952,0.9051,0.6032,analytical,3.07,0.1848,test
S1953,0.735,0.6466,exploratory,2.6,0.1952,train
S1954,0.6207,0.3162,hands_on,2.12,0.5355,train
S1955,0.6619,0.5488,visual,2.39,0.4355,val
S1956,0.5436,0.6685,visual,2.25,0.3283,train
S1957,0.7447,0.7206,hands_on,2.77,0.2104,val
S1958,0.5671,0.3665,analytical,2.43,0.4119,val
S1959,0.8152,0.7744,exploratory,2.75,0.2618,train
S1960,0.5487,0.5251,hands_on,1.78,0.5903,train
S1961,0.6352,0.4707,analytical,2.06,0.4969,test
S1962,0.589,0.3844,analytical,2.15,0.4747,train
S1963,0.7613,0.5755,visual,2.05,0.3758,train
S1964,0.8679,0.6226,visual,2.46,0.1828,train
S1965,0.6508,0.4543,visual,2.03,0.4522,train
S1966,0.6775,0.5171,analytical,2.69,0.2956,train
S1967,0.873,0.6262,analytical,2.87,0.2356,train
S1968,0.7224,0.558,visual,2.19,0.4299,train
S1969,0.5349,0.2861,visual,1.77,0.6155,val
S1970,0.6236,0.6105,analytical,2.62,0.4101,test
S1971,0.8466,0.7833,analytical,2.91,0.2198,train
S1972,0.549,0.5673,analytical,2.15,0.3588,test
S1973,0.712,0.6622,exploratory,2.59,0.313,val
S1974,0.6465,0.3549,visual,2.07,0.532,train
S1975,0.6435,0.4612,hands_on,2.02,0.4034,train
S1976,0.8805,0.6942,visual,3.1,0.195,train
S1977,0.4365,0.4617,analytical,1.82,0.4782,train
S1978,0.661,0.6456,hands_on,2.57,0.3092,train
S1979,0.6077,0.466,analytical,1.71,0.375,train
S1980,0.8728,0.5278,hands_on,2.43,0.2917,train
S1981,0.5966,0.3577,analytical,1.71,0.465,train
S1982,0.8531,0.8038,hands_on,3.14,0.0565,train
S1983,0.8191,0.7581,hands_on,3.05,0.4184,train
S1984,0.4376,0.3586,exploratory,1.29,0.4787,val
S1985,0.5884,0.5469,visual,2.18,0.3983,train
S1986,0.5523,0.5138,analytical,2.18,0.4451,val
S1987,0.6548,0.4739,exploratory,2.29,0.3693,train
S1988,0.5182,0.4171,hands_on,1.67,0.492,test
S1989,0.3948,0.3998,analytical,1.39,0.4969,train
S1990,0.8625,0.763,analytical,2.78,0.2467,train
S1991,0.6039,0.6835,hands_on,2.7,0.3389,test
S1992,0.8352,0.7483,analytical,3.05,0.2649,test
S1993,0.4364,0.4858,visual,1.37,0.6226,train
S1994,0.8283,0.5423,visual,2.88,0.2808,test
S1995,0.6722,0.5759,exploratory,2.47,0.4202,train
S1996,0.5662,0.6807,hands_on,2.51,0.4818,train
S1997,0.7312,0.6747,hands_on,2.51,0.2775,train
S1998,0.533,0.3629,hands_on,1.63,0.5722,test
S1999,0.8484,0.6392,hands_on,2.66,0.2134,val
